Draw,Date,N1,N2,N3,N4,N5,N6,Special
2001,2002-01-03,3,11,13,14,18,21,22
2002,2002-01-08,12,17,21,35,36,43,14
2003,2002-01-10,10,21,28,32,40,42,45
2004,2002-01-15,4,11,13,27,29,35,42
2005,2002-01-17,14,16,31,36,42,43,39
2006,2002-01-22,6,9,26,31,34,44,37
2007,2002-01-24,1,13,16,28,38,45,17
2008,2002-01-29,9,12,21,29,31,33,47
2009,2002-01-31,2,23,27,30,39,44,26
2010,2002-02-05,1,9,18,21,38,45,35
2011,2002-02-08,12,15,27,37,44,45,33
2012,2002-02-15,1,6,8,17,32,47,40
2013,2002-02-19,1,7,8,19,30,37,16
2014,2002-02-21,11,15,31,32,33,43,1
2015,2002-02-26,18,22,29,31,37,41,13
2016,2002-02-28,8,10,17,24,27,38,12
2017,2002-03-05,3,7,15,19,28,29,1
2018,2002-03-07,24,30,36,37,39,41,14
2019,2002-03-12,1,8,16,23,33,40,11
2020,2002-03-14,8,15,18,21,39,45,28
2021,2002-03-19,13,19,26,33,38,46,9
2022,2002-03-21,2,32,34,39,40,45,20
2023,2002-03-26,7,10,14,21,29,30,43
2024,2002-03-28,7,21,26,36,41,46,13
2025,2002-04-02,3,6,13,24,31,37,27
2026,2002-04-04,1,10,11,19,27,37,31
2027,2002-04-09,11,17,18,24,32,38,5
2028,2002-04-11,2,6,8,32,44,45,4
2029,2002-04-16,1,10,12,19,24,39,3
2030,2002-04-18,3,7,16,21,34,45,39
2031,2002-04-23,11,16,22,31,34,41,35
2032,2002-04-25,2,4,13,22,29,42,23
2033,2002-04-30,7,15,26,29,34,42,22
2034,2002-05-02,10,20,26,31,36,40,47
2035,2002-05-07,3,4,5,6,37,46,9
2036,2002-05-09,2,5,9,15,17,44,39
2037,2002-05-14,2,13,16,30,39,40,15
2038,2002-05-16,3,10,20,30,36,38,40
2039,2002-05-21,7,14,35,41,44,45,27
2040,2002-05-23,9,12,31,36,41,43,28
2041,2002-05-28,12,14,22,25,27,40,24
2042,2002-05-30,2,15,33,34,35,44,21
2043,2002-06-04,4,8,15,24,41,45,28
2044,2002-06-06,3,8,12,13,32,42,11
2045,2002-06-11,7,25,29,31,36,43,34
2046,2002-06-13,1,9,13,30,31,47,2
2047,2002-06-18,32,33,36,41,42,43,17
2048,2002-06-20,1,3,6,17,29,34,32
2049,2002-06-25,11,12,19,34,35,39,8
2050,2002-06-27,6,12,29,32,39,44,24
2051,2002-06-29,5,10,13,22,35,41,34
2052,2002-07-02,4,26,31,33,36,38,28
2053,2002-07-04,5,32,34,38,39,49,8
2054,2002-07-06,10,20,21,33,40,44,34
2055,2002-07-09,10,20,26,28,35,48,13
2056,2002-07-11,14,19,23,36,44,46,7
2057,2002-07-13,9,24,25,27,36,38,41
2058,2002-07-16,7,13,14,20,29,32,28
2059,2002-07-18,11,22,24,28,29,38,20
2060,2002-07-20,1,11,29,33,36,44,37
2061,2002-07-23,9,12,25,31,43,44,5
2062,2002-07-25,1,5,6,31,39,46,44
2063,2002-07-27,1,23,25,32,43,44,30
2064,2002-07-30,6,22,25,26,27,45,36
2065,2002-08-01,3,7,11,22,28,36,18
2066,2002-08-03,9,10,11,15,19,28,37
2067,2002-08-06,5,10,24,32,39,49,1
2068,2002-08-08,5,15,26,27,28,35,2
2069,2002-08-10,5,28,29,31,44,46,45
2070,2002-08-13,7,14,26,32,41,49,12
2071,2002-08-15,4,23,24,25,38,40,37
2072,2002-08-17,10,17,36,43,45,47,33
2073,2002-08-20,2,6,16,26,36,41,8
2074,2002-08-22,1,3,8,25,43,46,21
2075,2002-08-24,2,7,12,19,23,49,4
2076,2002-08-27,22,24,28,33,36,39,41
2077,2002-08-29,3,7,31,32,35,47,15
2078,2002-08-31,3,4,23,25,31,44,35
2079,2002-09-03,10,37,40,42,43,46,30
2080,2002-09-05,15,22,34,40,41,47,10
2081,2002-09-10,8,14,16,22,37,46,36
2082,2002-09-12,11,23,32,33,43,48,2
2083,2002-09-17,5,13,19,27,29,35,40
2084,2002-09-20,15,19,25,34,38,44,5
2085,2002-09-24,1,10,34,41,47,48,19
2086,2002-09-26,10,12,15,17,34,42,29
2087,2002-09-30,7,15,24,41,47,49,25
2088,2002-10-03,6,10,11,32,35,46,22
2089,2002-10-08,5,9,20,30,32,42,2
2090,2002-10-10,5,9,18,25,47,48,17
2091,2002-10-15,1,12,14,33,36,37,13
2092,2002-10-17,5,7,16,37,42,44,38
2093,2002-10-22,1,13,18,30,32,46,19
2094,2002-10-24,8,12,19,22,29,41,1
2095,2002-10-29,8,10,14,25,43,44,41
2096,2002-10-31,2,3,8,22,27,28,45
2097,2002-11-04,1,3,12,23,31,48,34
2098,2002-11-07,6,7,29,32,42,46,1
2099,2002-11-12,5,8,9,26,33,38,28
2100,2002-11-14,2,6,14,25,45,49,42
2101,2002-11-19,3,15,22,23,42,47,18
2102,2002-11-21,4,16,18,25,29,41,21
2103,2002-11-26,19,21,40,42,46,47,33
2104,2002-11-28,17,19,26,31,37,43,38
2105,2002-12-03,9,11,14,17,24,28,46
2106,2002-12-05,11,21,27,31,37,44,1
2107,2002-12-10,5,36,37,38,46,49,17
2108,2002-12-12,7,15,16,23,31,35,8
2109,2002-12-17,6,18,39,40,41,42,9
2110,2002-12-20,13,18,23,24,26,33,15
2111,2002-12-23,1,11,18,19,39,40,42
2112,2002-12-27,10,14,22,34,40,43,4
2113,2002-12-31,10,18,19,28,40,44,24
3001,2003-01-02,5,6,16,23,26,27,46
3002,2003-01-07,9,10,12,26,38,43,15
3003,2003-01-09,8,17,21,22,23,49,24
3004,2003-01-14,7,11,13,28,32,33,20
3005,2003-01-16,2,34,36,39,40,42,29
3006,2003-01-21,16,20,21,43,44,49,6
3007,2003-01-23,6,14,23,27,36,38,49
3008,2003-01-28,5,10,25,30,41,46,48
3009,2003-01-30,4,5,6,7,8,28,23
3010,2003-02-04,7,12,20,27,28,43,46
3011,2003-02-06,4,11,18,26,31,46,16
3012,2003-02-11,11,22,23,28,38,40,29
3013,2003-02-13,4,8,12,24,39,40,18
3014,2003-02-18,10,16,19,20,40,49,24
3015,2003-02-20,1,13,16,24,41,48,35
3016,2003-02-25,13,19,23,28,42,45,15
3017,2003-02-27,4,9,12,21,25,34,36
3018,2003-03-04,9,32,33,38,42,44,43
3019,2003-03-06,15,20,35,40,45,48,30
3020,2003-03-11,10,20,22,31,35,39,17
3021,2003-03-13,2,3,20,21,43,49,32
3022,2003-03-18,8,10,22,23,24,35,33
3023,2003-03-20,13,14,21,23,39,42,36
3024,2003-03-25,13,23,28,30,34,42,20
3025,2003-03-27,9,21,22,26,37,48,35
3026,2003-04-01,12,17,30,40,43,48,18
3027,2003-04-03,21,29,32,38,41,43,7
3028,2003-04-08,6,11,13,24,40,47,42
3029,2003-04-10,7,11,13,23,31,33,28
3030,2003-04-15,9,15,27,28,37,39,33
3031,2003-04-17,12,18,26,34,38,45,43
3032,2003-04-22,7,14,26,27,31,36,43
3033,2003-04-24,11,14,17,20,42,47,27
3034,2003-04-29,19,30,37,41,47,49,3
3035,2003-05-02,3,8,10,19,31,35,36
3036,2003-05-06,7,19,30,34,37,44,48
3037,2003-05-09,11,20,23,29,32,33,35
3038,2003-05-13,9,17,20,29,34,35,18
3039,2003-05-15,8,29,31,32,36,38,12
3040,2003-05-20,6,28,39,40,43,45,42
3041,2003-05-22,8,14,17,23,28,43,26
3042,2003-05-27,1,27,28,29,31,49,6
3043,2003-05-29,13,16,19,31,39,47,29
3044,2003-06-03,2,12,21,37,47,49,11
3045,2003-06-05,9,27,30,33,44,48,37
3046,2003-06-10,10,19,26,30,32,44,29
3047,2003-06-12,3,14,27,31,38,44,26
3048,2003-06-17,3,11,18,22,24,37,49
3049,2003-06-19,3,4,10,24,26,47,12
3050,2003-06-24,2,10,21,22,37,44,47
3051,2003-06-26,7,9,26,29,37,40,11
3052,2003-06-30,14,16,18,32,44,47,2
3053,2003-07-03,5,6,12,20,39,47,38
3054,2003-07-05,1,12,13,16,36,46,49
3055,2003-07-08,1,6,15,21,23,33,30
3056,2003-07-10,24,28,29,30,42,49,47
3057,2003-07-12,14,17,28,31,37,43,39
3058,2003-07-15,1,4,5,7,9,27,21
3059,2003-07-17,12,16,21,24,30,39,7
3060,2003-07-19,5,7,10,23,31,34,38
3061,2003-07-22,2,6,9,14,17,29,22
3062,2003-07-24,18,24,26,29,30,46,39
3063,2003-07-26,12,14,25,30,34,35,23
3064,2003-07-29,2,5,6,11,20,34,32
3065,2003-07-31,5,15,17,18,24,47,7
3066,2003-08-02,16,29,31,33,36,38,4
3067,2003-08-05,2,22,39,41,42,45,26
3068,2003-08-07,2,12,17,31,37,40,1
3069,2003-08-09,16,17,26,28,40,42,44
3070,2003-08-12,6,9,18,26,33,38,29
3071,2003-08-14,2,11,17,18,20,27,10
3072,2003-08-16,2,3,6,8,25,39,38
3073,2003-08-19,13,16,20,30,36,47,24
3074,2003-08-21,9,10,18,21,36,45,6
3075,2003-08-23,8,14,31,33,36,42,34
3076,2003-08-26,7,10,21,25,37,39,9
3077,2003-08-28,5,6,27,28,36,41,47
3078,2003-08-30,15,16,17,22,25,28,12
3079,2003-09-04,1,4,17,26,38,44,11
3080,2003-09-09,7,12,21,28,31,41,3
3081,2003-09-12,1,5,21,28,35,41,38
3082,2003-09-16,2,4,13,43,48,49,24
3083,2003-09-18,4,5,14,18,28,31,24
3084,2003-09-20,2,3,9,13,31,43,10
3085,2003-09-23,2,13,20,22,39,49,41
3086,2003-09-25,2,7,9,40,41,42,28
3087,2003-09-30,10,18,24,27,28,38,21
3088,2003-10-02,4,7,10,15,19,39,22
3089,2003-10-04,8,23,31,33,41,47,38
3090,2003-10-07,17,28,33,38,42,47,34
3091,2003-10-09,19,23,31,40,44,47,3
3092,2003-10-14,9,16,30,31,32,37,24
3093,2003-10-16,6,27,36,38,43,49,40
3094,2003-10-18,14,20,26,39,40,42,12
3095,2003-10-21,24,25,35,41,44,47,38
3096,2003-10-23,7,10,15,21,30,43,8
3097,2003-10-28,7,21,25,42,47,49,1
3098,2003-10-30,10,11,17,19,39,45,15
3099,2003-11-01,4,8,12,15,23,33,36
3100,2003-11-03,6,9,18,22,31,41,24
3101,2003-11-06,5,6,14,27,28,49,42
3102,2003-11-11,1,4,19,28,37,49,29
3103,2003-11-14,25,28,29,37,44,48,43
3104,2003-11-18,11,14,22,24,34,48,43
3105,2003-11-20,18,25,31,34,35,37,5
3106,2003-11-25,11,13,30,39,41,48,45
3107,2003-11-27,7,10,15,38,45,49,22
3108,2003-11-29,2,3,4,14,44,46,5
3109,2003-12-02,8,12,18,23,41,48,19
3110,2003-12-04,2,3,8,19,25,39,49
3111,2003-12-09,10,15,20,31,35,48,14
3112,2003-12-11,1,14,19,22,31,35,34
3113,2003-12-13,6,13,22,29,33,42,11
3114,2003-12-16,11,13,33,36,37,48,46
3115,2003-12-18,23,24,31,33,42,44,27
3116,2003-12-23,5,17,19,34,42,48,44
3117,2003-12-30,1,22,36,38,39,47,27
4001,2004-01-03,3,31,33,36,39,49,1
4002,2004-01-06,7,14,17,22,29,43,36
4003,2004-01-08,14,26,33,39,40,43,23
4004,2004-01-13,30,34,39,43,48,49,6
4005,2004-01-15,8,9,13,31,40,48,43
4006,2004-01-17,3,5,19,26,32,49,1
4007,2004-01-20,5,6,9,28,31,32,19
4008,2004-01-27,10,13,18,29,40,41,4
4009,2004-01-29,21,22,24,27,31,42,11
4010,2004-01-31,1,29,30,32,41,46,8
4011,2004-02-03,4,10,43,45,46,48,13
4012,2004-02-05,12,22,29,35,43,48,38
4013,2004-02-10,20,22,32,37,39,44,11
4014,2004-02-12,9,17,21,22,31,32,4
4015,2004-02-14,4,13,15,28,45,49,7
4016,2004-02-17,7,15,20,28,38,41,37
4017,2004-02-19,3,6,9,14,26,40,19
4018,2004-02-21,7,22,24,25,40,41,1
4019,2004-02-24,2,3,4,8,16,18,6
4020,2004-02-26,1,9,14,39,45,48,3
4021,2004-03-02,8,20,33,36,46,49,18
4022,2004-03-04,1,19,20,34,42,43,15
4023,2004-03-06,9,10,26,31,35,41,42
4024,2004-03-09,10,21,26,30,31,42,48
4025,2004-03-11,14,23,33,35,36,43,37
4026,2004-03-16,7,10,18,23,37,39,17
4027,2004-03-18,2,3,4,25,36,47,8
4028,2004-03-20,6,21,28,36,44,49,32
4029,2004-03-23,4,5,17,20,28,39,3
4030,2004-03-25,7,10,13,21,22,23,35
4031,2004-03-30,9,11,21,27,37,45,30
4032,2004-04-02,11,12,13,22,26,31,10
4033,2004-04-06,3,7,13,25,31,33,45
4034,2004-04-08,1,7,13,32,37,48,26
4035,2004-04-10,9,12,17,42,47,49,34
4036,2004-04-13,1,23,24,30,47,49,42
4037,2004-04-15,23,31,34,43,45,47,48
4038,2004-04-20,6,9,12,19,22,25,17
4039,2004-04-22,8,32,36,39,44,46,33
4040,2004-04-24,24,30,39,43,44,48,23
4041,2004-04-27,7,11,15,29,46,49,21
4042,2004-04-29,4,19,26,30,31,34,37
4043,2004-05-04,16,21,29,37,46,47,35
4044,2004-05-06,8,28,33,36,38,47,2
4045,2004-05-11,7,11,13,22,24,37,36
4046,2004-05-13,9,13,21,37,40,48,12
4047,2004-05-15,7,8,15,27,34,49,22
4048,2004-05-18,10,21,23,30,43,49,3
4049,2004-05-20,4,18,31,40,45,47,29
4050,2004-05-25,14,23,27,37,40,45,39
4051,2004-05-27,2,16,19,24,48,49,12
4052,2004-05-29,3,10,20,27,40,46,9
4053,2004-06-01,9,27,32,38,39,43,31
4054,2004-06-03,13,33,37,40,41,47,48
4055,2004-06-05,6,8,12,29,32,40,45
4056,2004-06-08,7,18,28,29,37,49,12
4057,2004-06-11,11,16,26,42,43,48,32
4058,2004-06-15,3,7,13,20,36,48,47
4059,2004-06-17,5,9,18,21,28,32,7
4060,2004-06-19,28,34,38,41,46,48,36
4061,2004-06-24,3,5,6,11,13,40,45
4062,2004-06-26,7,21,23,29,33,44,9
4063,2004-06-29,3,7,9,14,25,44,45
4064,2004-07-01,11,25,32,33,37,42,31
4065,2004-07-03,2,16,18,35,48,49,43
4066,2004-07-06,9,22,37,40,42,48,26
4067,2004-07-08,3,6,8,13,28,36,38
4068,2004-07-10,1,6,7,12,36,42,34
4069,2004-07-13,1,3,13,18,21,35,15
4070,2004-07-15,6,30,31,37,38,43,24
4071,2004-07-17,7,9,18,32,48,49,10
4072,2004-07-20,6,8,12,21,32,43,25
4073,2004-07-22,1,6,7,8,24,42,22
4074,2004-07-24,10,18,22,34,36,37,15
4075,2004-07-27,1,2,20,34,35,43,37
4076,2004-07-29,1,16,26,31,35,36,38
4077,2004-07-31,13,14,32,40,43,48,12
4078,2004-08-03,7,14,27,29,37,49,9
4079,2004-08-05,8,13,27,39,40,45,49
4080,2004-08-07,8,16,27,39,40,48,14
4081,2004-08-10,16,17,27,44,45,47,49
4082,2004-08-12,19,21,22,34,48,49,42
4083,2004-08-14,1,5,16,22,30,34,39
4084,2004-08-17,27,29,30,39,40,42,47
4085,2004-08-19,12,19,24,27,36,44,29
4086,2004-08-21,14,23,26,28,36,37,40
4087,2004-08-24,10,14,17,30,36,45,47
4088,2004-08-26,2,9,19,30,36,37,41
4089,2004-08-28,1,30,33,42,44,48,49
4090,2004-08-31,5,16,17,18,23,27,10
4091,2004-09-02,1,5,11,22,32,45,28
4092,2004-09-04,15,17,18,21,28,37,40
4093,2004-09-07,3,4,16,19,32,45,14
4094,2004-09-10,20,23,27,38,40,47,33
4095,2004-09-14,3,7,10,21,30,36,14
4096,2004-09-16,11,12,18,20,27,42,16
4097,2004-09-18,7,20,24,30,38,41,19
4098,2004-09-21,1,3,30,33,35,42,12
4099,2004-09-24,11,14,17,30,42,46,29
4100,2004-09-26,7,15,17,28,40,41,10
4101,2004-09-28,22,28,31,36,39,49,32
4102,2004-09-30,12,13,14,20,23,28,22
4103,2004-10-02,3,13,15,39,43,44,31
4104,2004-10-05,4,12,14,22,46,48,23
4105,2004-10-07,18,19,33,43,45,48,11
4106,2004-10-10,4,16,24,26,32,39,6
4107,2004-10-12,4,6,20,35,37,39,41
4108,2004-10-14,7,17,27,29,30,34,36
4109,2004-10-16,7,12,20,33,43,44,38
4110,2004-10-19,5,17,21,27,31,41,6
4111,2004-10-21,12,27,30,31,34,48,17
4112,2004-10-24,11,15,24,25,26,33,42
4113,2004-10-26,6,24,30,43,44,45,11
4114,2004-10-28,1,12,26,27,36,49,21
4115,2004-10-31,14,21,23,30,33,37,10
4116,2004-11-04,7,18,19,25,42,45,41
4117,2004-11-07,2,13,17,33,38,42,5
4118,2004-11-09,2,5,12,21,30,31,6
4119,2004-11-11,7,9,12,13,16,33,37
4120,2004-11-13,7,9,22,38,39,49,48
4121,2004-11-16,7,15,23,30,34,41,10
4122,2004-11-18,3,11,12,13,26,28,31
4123,2004-11-20,6,26,30,34,40,43,3
4124,2004-11-23,10,15,16,21,25,38,24
4125,2004-11-25,17,19,21,35,40,49,42
4126,2004-11-27,9,21,28,30,34,44,10
4127,2004-11-30,8,21,29,31,38,42,23
4128,2004-12-02,3,9,10,27,31,36,26
4129,2004-12-05,6,10,13,24,31,46,25
4130,2004-12-07,16,25,26,42,44,48,20
4131,2004-12-09,4,28,36,43,46,49,40
4132,2004-12-11,3,9,31,36,37,45,19
4133,2004-12-14,3,19,22,25,31,48,12
4134,2004-12-17,6,11,14,26,46,47,40
4135,2004-12-19,1,24,25,32,34,39,10
4136,2004-12-21,2,20,36,45,48,49,21
4137,2004-12-23,1,10,12,16,43,45,13
4138,2004-12-25,2,15,28,30,37,41,31
4139,2004-12-28,5,9,35,38,43,48,6
4140,2004-12-30,17,20,28,34,38,47,14
5001,2005-01-02,11,18,32,36,39,43,34
5002,2005-01-04,4,5,6,8,20,38,35
5003,2005-01-06,3,6,10,14,40,42,15
5004,2005-01-09,10,30,38,42,45,49,27
5005,2005-01-11,5,6,11,25,35,40,44
5006,2005-01-13,16,24,27,30,42,46,17
5007,2005-01-15,9,10,14,16,25,49,23
5008,2005-01-18,5,13,18,20,21,26,11
5009,2005-01-20,9,13,21,28,33,46,6
5010,2005-01-22,5,7,13,19,35,46,24
5011,2005-01-25,15,20,31,34,37,48,4
5012,2005-01-27,3,6,7,15,26,35,40
5013,2005-01-29,2,9,18,19,28,33,35
5014,2005-02-01,9,18,23,33,44,49,29
5015,2005-02-04,2,19,20,33,37,48,10
5016,2005-02-07,9,21,36,38,43,49,23
5017,2005-02-10,2,8,20,21,40,41,24
5018,2005-02-12,11,13,16,19,25,32,26
5019,2005-02-15,5,8,27,28,33,46,2
5020,2005-02-17,8,13,16,42,45,47,33
5021,2005-02-19,2,18,28,42,45,49,17
5022,2005-02-22,2,16,20,32,35,41,24
5023,2005-02-24,6,22,25,39,41,49,13
5024,2005-02-26,1,16,36,41,42,44,18
5025,2005-03-01,3,7,12,25,33,35,30
5026,2005-03-03,2,5,25,31,40,43,22
5027,2005-03-06,2,10,16,35,37,45,26
5028,2005-03-08,4,8,17,39,47,48,1
5029,2005-03-10,3,7,8,24,42,49,37
5030,2005-03-12,3,6,8,11,28,31,19
5031,2005-03-15,2,6,27,44,45,49,23
5032,2005-03-18,2,22,25,30,44,48,46
5033,2005-03-20,1,9,21,35,36,47,33
5034,2005-03-22,2,9,10,13,15,24,19
5035,2005-03-24,2,10,13,22,24,25,5
5036,2005-03-27,2,5,10,14,29,37,3
5037,2005-03-29,6,9,13,21,46,47,12
5038,2005-03-31,2,12,14,38,39,43,48
5039,2005-04-02,11,12,17,22,31,43,45
5040,2005-04-05,10,15,25,29,34,37,13
5041,2005-04-07,1,5,24,25,35,49,14
5042,2005-04-10,3,5,14,40,46,49,6
5043,2005-04-12,9,10,22,23,28,36,49
5044,2005-04-14,12,17,33,43,45,47,10
5045,2005-04-17,11,15,19,29,42,49,5
5046,2005-04-19,4,9,22,30,33,35,13
5047,2005-04-21,2,3,13,14,17,38,31
5048,2005-04-23,3,9,27,31,38,45,34
5049,2005-04-26,12,13,30,36,39,47,8
5050,2005-04-28,2,8,22,36,38,40,5
5051,2005-04-30,13,16,21,30,36,37,2
5052,2005-05-03,2,8,16,25,33,37,1
5053,2005-05-05,9,20,21,22,30,48,6
5054,2005-05-08,7,9,10,21,39,49,41
5055,2005-05-10,4,11,14,20,36,41,15
5056,2005-05-12,2,14,16,23,35,38,47
5057,2005-05-15,7,12,18,33,44,45,32
5058,2005-05-17,3,14,17,32,39,42,8
5059,2005-05-19,16,18,23,31,34,47,38
5060,2005-05-22,5,6,10,16,20,21,19
5061,2005-05-24,1,11,18,22,23,42,10
5062,2005-05-26,12,33,39,43,45,49,10
5063,2005-05-28,17,22,23,26,28,46,2
5064,2005-05-31,11,16,17,19,24,43,13
5065,2005-06-02,4,17,20,33,39,43,26
5066,2005-06-04,4,20,32,39,40,42,33
5067,2005-06-07,10,11,18,26,41,48,27
5068,2005-06-09,3,13,27,29,36,37,24
5069,2005-06-11,11,18,22,29,40,48,44
5070,2005-06-14,2,5,7,18,22,48,11
5071,2005-06-16,5,7,15,35,36,44,4
5072,2005-06-19,6,15,18,25,26,47,27
5073,2005-06-21,11,22,29,31,32,42,3
5074,2005-06-23,2,21,29,38,44,48,10
5075,2005-06-25,15,25,33,38,40,49,21
5076,2005-06-28,1,23,25,30,32,46,42
5077,2005-06-30,4,16,22,27,32,36,17
5078,2005-07-02,2,4,23,32,43,45,42
5079,2005-07-05,6,9,13,21,41,43,45
5080,2005-07-07,4,22,24,30,31,34,17
5081,2005-07-09,6,10,16,21,23,39,5
5082,2005-07-12,6,7,18,22,30,34,2
5083,2005-07-14,10,17,18,34,48,49,29
5084,2005-07-16,5,6,17,35,39,49,44
5085,2005-07-19,5,14,26,30,31,42,4
5086,2005-07-21,8,13,15,28,29,48,3
5087,2005-07-23,7,8,15,22,35,49,17
5088,2005-07-26,6,12,14,25,27,30,8
5089,2005-07-29,25,35,39,42,43,49,5
5090,2005-07-31,5,13,14,33,45,46,25
5091,2005-08-02,21,25,33,36,42,48,13
5092,2005-08-04,1,7,19,27,38,47,3
5093,2005-08-06,5,21,33,34,44,45,40
5094,2005-08-09,9,13,22,35,38,39,4
5095,2005-08-11,9,11,23,29,33,38,6
5096,2005-08-13,9,13,32,38,48,49,41
5097,2005-08-16,1,11,21,27,37,48,18
5098,2005-08-18,2,19,24,39,41,49,21
5099,2005-08-20,3,8,13,17,22,29,18
5100,2005-08-23,1,3,14,26,36,47,42
5101,2005-08-25,5,13,20,25,29,39,35
5102,2005-08-27,1,3,20,23,33,37,14
5103,2005-08-30,4,9,17,26,40,46,18
5104,2005-09-01,4,14,19,21,24,48,10
5105,2005-09-03,7,11,18,34,35,48,42
5106,2005-09-06,9,15,20,23,39,41,44
5107,2005-09-08,8,10,13,14,31,48,47
5108,2005-09-10,1,4,19,33,34,40,25
5109,2005-09-13,16,26,29,39,41,46,34
5110,2005-09-16,22,24,28,33,34,42,48
5111,2005-09-18,3,5,8,14,27,35,9
5112,2005-09-20,4,5,21,26,37,47,7
5113,2005-09-22,2,4,12,13,19,42,39
5114,2005-09-25,1,6,14,19,26,30,17
5115,2005-09-27,1,17,20,28,35,43,18
5116,2005-09-30,11,14,20,24,25,35,33
5117,2005-10-04,2,9,16,25,36,38,14
5118,2005-10-06,23,26,27,29,30,45,18
5119,2005-10-08,9,11,15,25,44,48,27
5120,2005-10-11,8,9,16,24,29,48,5
5121,2005-10-13,24,34,35,38,41,47,45
5122,2005-10-15,3,14,17,41,46,47,20
5123,2005-10-18,14,15,18,20,38,42,35
5124,2005-10-20,6,10,22,30,43,44,29
5125,2005-10-23,9,25,30,31,35,37,1
5126,2005-10-25,3,12,26,30,39,41,25
5127,2005-10-27,2,5,13,19,40,49,7
5128,2005-10-29,8,10,11,24,31,37,38
5129,2005-10-31,2,18,30,34,37,41,28
5130,2005-11-03,1,3,10,31,34,35,27
5131,2005-11-06,3,11,13,20,38,49,19
5132,2005-11-08,3,10,13,35,48,49,33
5133,2005-11-10,7,8,12,37,41,48,40
5134,2005-11-12,1,13,21,22,24,40,27
5135,2005-11-15,23,24,26,30,47,49,43
5136,2005-11-17,4,9,10,14,15,49,5
5137,2005-11-19,2,3,15,30,32,46,23
5138,2005-11-22,12,23,25,31,44,45,3
5139,2005-11-24,1,4,5,8,13,43,22
5140,2005-11-26,3,16,25,37,38,45,18
5141,2005-11-29,13,18,24,26,44,45,27
5142,2005-12-01,10,32,33,38,41,47,6
5143,2005-12-04,9,10,27,32,37,45,4
5144,2005-12-06,1,2,3,7,14,15,11
5145,2005-12-08,3,9,16,31,36,42,20
5146,2005-12-10,2,9,22,32,35,41,20
5147,2005-12-13,1,6,14,22,33,47,9
5148,2005-12-15,12,14,19,27,34,43,24
5149,2005-12-18,1,4,15,22,40,44,2
5150,2005-12-20,9,16,19,20,30,43,44
5151,2005-12-22,8,18,19,23,24,42,32
5152,2005-12-24,6,10,19,20,22,36,3
5153,2005-12-27,4,9,17,18,31,43,19
5154,2005-12-29,9,11,21,22,24,41,33
5155,2005-12-31,2,7,11,31,40,43,36
6001,2006-01-03,17,23,24,25,26,38,47
6002,2006-01-05,5,10,22,38,44,46,13
6003,2006-01-08,1,10,26,28,38,42,43
6004,2006-01-10,5,21,25,36,38,39,4
6005,2006-01-12,15,24,25,27,36,37,35
6006,2006-01-14,1,12,19,29,32,34,46
6007,2006-01-17,11,13,25,29,38,47,12
6008,2006-01-19,24,26,28,31,44,47,17
6009,2006-01-21,1,7,20,34,40,45,22
6010,2006-01-24,6,14,28,31,33,35,26
6011,2006-01-26,18,22,23,27,28,43,35
6012,2006-01-28,16,22,27,30,39,41,40
6013,2006-01-30,9,21,22,33,35,48,43
6014,2006-02-02,3,4,5,20,23,37,38
6015,2006-02-04,19,34,39,40,41,45,23
6016,2006-02-07,5,12,15,24,40,41,44
6017,2006-02-09,3,6,13,29,39,49,9
6018,2006-02-12,12,15,26,30,41,45,4
6019,2006-02-14,7,22,32,34,42,43,6
6020,2006-02-16,3,12,16,22,29,34,30
6021,2006-02-18,10,12,14,28,42,46,37
6022,2006-02-21,7,15,24,31,36,49,40
6023,2006-02-23,18,31,35,39,40,43,10
6024,2006-02-25,13,18,22,31,34,37,19
6025,2006-02-28,10,14,23,25,27,40,37
6026,2006-03-02,1,5,14,22,29,43,20
6027,2006-03-05,1,7,14,15,22,45,24
6028,2006-03-07,2,11,30,42,48,49,36
6029,2006-03-09,9,19,20,30,39,40,10
6030,2006-03-11,1,13,14,19,21,30,40
6031,2006-03-14,7,12,13,25,39,48,9
6032,2006-03-16,4,27,33,37,42,49,36
6033,2006-03-18,1,6,13,30,33,43,9
6034,2006-03-21,4,8,16,22,23,43,18
6035,2006-03-23,3,7,18,20,26,32,10
6036,2006-03-25,26,32,36,42,43,45,44
6037,2006-03-28,1,3,10,15,21,28,37
6038,2006-03-30,2,12,17,19,30,33,23
6039,2006-04-02,8,12,25,29,39,45,44
6040,2006-04-04,7,11,14,35,38,43,26
6041,2006-04-07,10,11,16,29,30,35,28
6042,2006-04-09,18,28,34,44,45,47,8
6043,2006-04-11,5,21,26,30,36,41,17
6044,2006-04-13,13,28,32,39,44,49,48
6045,2006-04-16,9,11,20,22,29,38,37
6046,2006-04-18,11,14,27,28,38,44,12
6047,2006-04-20,2,9,12,16,37,40,19
6048,2006-04-22,6,8,11,28,42,46,31
6049,2006-04-25,2,24,26,29,32,33,6
6050,2006-04-27,1,7,8,30,34,37,41
6051,2006-04-29,6,10,19,24,28,47,22
6052,2006-05-02,3,13,18,27,33,45,29
6053,2006-05-04,2,3,32,46,47,48,35
6054,2006-05-06,5,17,23,28,31,32,18
6055,2006-05-09,18,22,24,25,26,43,23
6056,2006-05-11,7,12,15,27,29,49,36
6057,2006-05-14,1,7,14,23,45,48,43
6058,2006-05-16,23,26,35,36,39,43,5
6059,2006-05-18,11,23,31,32,33,40,49
6060,2006-05-20,15,20,38,41,44,46,34
6061,2006-05-23,1,14,28,41,45,47,29
6062,2006-05-25,9,27,29,38,39,40,47
6063,2006-05-27,1,22,34,35,36,47,7
6064,2006-05-30,10,16,21,30,33,48,19
6065,2006-06-01,12,17,24,35,44,46,10
6066,2006-06-03,5,9,16,29,36,47,17
6067,2006-06-06,2,9,29,31,42,49,5
6068,2006-06-08,17,34,36,41,46,48,26
6069,2006-06-11,3,5,7,18,40,45,15
6070,2006-06-13,2,6,17,33,42,45,13
6071,2006-06-15,4,15,16,22,24,45,2
6072,2006-06-18,5,6,7,18,27,35,19
6073,2006-06-20,4,5,17,39,40,42,3
6074,2006-06-22,4,5,33,36,48,49,2
6075,2006-06-24,18,21,32,33,36,37,6
6076,2006-06-27,10,12,21,26,27,49,14
6077,2006-06-29,2,3,13,17,19,36,47
6078,2006-07-01,4,13,30,42,47,48,40
6079,2006-07-04,1,4,5,13,14,19,18
6080,2006-07-06,1,7,9,16,21,49,12
6081,2006-07-08,2,6,10,13,30,33,40
6082,2006-07-11,1,30,34,42,45,46,8
6083,2006-07-13,1,8,9,10,34,36,17
6084,2006-07-15,9,20,23,34,35,45,15
6085,2006-07-18,10,13,22,27,32,39,43
6086,2006-07-20,6,13,15,26,30,33,16
6087,2006-07-22,2,6,16,20,23,24,19
6088,2006-07-25,10,16,23,34,38,41,5
6089,2006-07-27,1,19,21,31,43,47,18
6090,2006-07-29,2,23,29,34,35,37,41
6091,2006-08-01,7,10,20,30,34,46,19
6092,2006-08-03,9,10,16,19,32,45,18
6093,2006-08-05,1,8,11,14,16,45,41
6094,2006-08-08,10,20,24,28,32,49,9
6095,2006-08-10,12,15,18,23,35,38,33
6096,2006-08-12,2,13,18,26,28,43,41
6097,2006-08-15,8,18,21,23,30,47,10
6098,2006-08-17,10,17,19,27,37,38,26
6099,2006-08-19,3,25,27,28,43,45,42
6100,2006-08-22,8,18,22,34,48,49,33
6101,2006-08-24,3,11,14,21,40,45,8
6102,2006-08-26,27,29,31,36,39,43,23
6103,2006-08-29,14,34,37,40,48,49,30
6104,2006-08-31,4,26,30,35,45,46,20
6105,2006-09-02,3,16,17,34,46,48,41
6106,2006-09-05,4,8,14,22,41,48,39
6107,2006-09-07,5,8,15,25,33,48,11
6108,2006-09-09,8,12,14,17,23,25,10
6109,2006-09-12,2,32,40,41,43,45,30
6110,2006-09-14,12,26,27,28,32,46,47
6111,2006-09-17,5,11,14,20,22,41,33
6112,2006-09-19,3,11,22,25,27,33,21
6113,2006-09-21,1,22,33,40,43,48,35
6114,2006-09-23,3,13,20,34,37,40,11
6115,2006-09-26,7,9,15,18,32,43,8
6116,2006-09-28,5,15,22,30,42,49,37
6117,2006-09-30,1,2,4,11,12,23,6
6118,2006-10-03,1,5,9,19,35,45,30
6119,2006-10-05,5,9,16,32,35,42,4
6120,2006-10-08,1,4,17,22,27,28,15
6121,2006-10-10,6,8,22,39,40,47,17
6122,2006-10-12,5,9,10,22,26,38,39
6123,2006-10-14,3,16,20,36,41,49,45
6124,2006-10-17,5,22,29,33,36,40,32
6125,2006-10-19,9,11,15,29,35,44,18
6126,2006-10-22,3,18,24,26,42,43,16
6127,2006-10-24,12,28,29,30,44,48,34
6128,2006-10-26,5,8,13,17,26,41,22
6129,2006-10-28,7,28,33,35,42,44,41
6130,2006-10-31,1,6,13,28,35,44,30
6131,2006-11-02,5,7,28,35,36,39,31
6132,2006-11-05,11,22,38,41,42,45,20
6133,2006-11-09,2,21,22,34,36,38,45
6134,2006-11-11,10,13,18,21,31,48,17
6135,2006-11-14,8,14,20,34,36,49,46
6136,2006-11-16,3,10,12,32,35,44,41
6137,2006-11-18,10,11,14,34,40,49,43
6138,2006-11-21,3,7,16,26,31,35,18
6139,2006-11-23,6,10,19,32,41,49,5
6140,2006-11-25,7,18,30,35,36,49,29
6141,2006-11-28,6,10,21,23,35,36,8
6142,2006-11-30,5,8,9,27,31,35,15
6143,2006-12-03,10,22,25,32,34,44,30
6144,2006-12-05,20,21,38,41,45,46,14
6145,2006-12-07,5,8,10,27,34,40,47
6146,2006-12-09,21,22,24,28,43,48,44
6147,2006-12-12,6,15,26,30,39,41,14
6148,2006-12-14,2,14,15,29,37,47,45
6149,2006-12-17,9,13,17,21,22,33,41
6150,2006-12-19,5,11,17,32,33,48,4
6151,2006-12-21,5,28,35,46,48,49,11
6152,2006-12-24,16,29,31,34,39,42,41
6153,2006-12-28,3,11,14,20,27,44,43
6154,2006-12-30,5,6,7,21,30,40,42
7001,2007-01-02,6,12,14,30,32,38,41
7002,2007-01-04,7,8,33,40,42,49,13
7003,2007-01-06,3,17,33,38,43,49,14
7004,2007-01-09,11,14,16,19,34,43,48
7005,2007-01-11,1,2,10,27,40,41,43
7006,2007-01-13,6,7,25,28,38,45,16
7007,2007-01-16,4,14,23,25,38,42,10
7008,2007-01-18,7,10,33,39,48,49,42
7009,2007-01-21,9,18,26,28,36,44,19
7010,2007-01-23,6,19,25,31,32,35,15
7011,2007-01-25,5,6,23,24,38,48,30
7012,2007-01-27,11,25,26,36,39,41,16
7013,2007-01-30,9,11,12,14,18,24,38
7014,2007-02-01,8,13,32,33,39,47,17
7015,2007-02-03,6,11,12,19,27,39,28
7016,2007-02-06,11,12,19,22,42,47,36
7017,2007-02-08,9,24,26,27,37,44,3
7018,2007-02-11,11,22,25,32,41,45,1
7019,2007-02-13,3,13,14,21,22,32,7
7020,2007-02-15,7,15,17,38,45,48,46
7021,2007-02-17,9,16,17,28,33,42,29
7022,2007-02-19,4,17,18,35,37,47,32
7023,2007-02-22,2,8,11,18,32,39,46
7024,2007-02-24,7,9,22,24,32,36,8
7025,2007-02-27,9,10,16,30,38,41,2
7026,2007-03-01,16,18,25,29,33,43,41
7027,2007-03-03,4,10,30,35,43,46,14
7028,2007-03-06,5,8,22,27,32,41,45
7029,2007-03-08,6,12,16,25,33,49,48
7030,2007-03-11,2,7,16,30,37,39,20
7031,2007-03-13,1,4,12,35,39,46,14
7032,2007-03-15,1,14,39,40,45,49,42
7033,2007-03-17,21,23,26,36,45,49,2
7034,2007-03-20,1,11,23,37,42,43,24
7035,2007-03-22,6,9,12,15,43,47,49
7036,2007-03-24,2,5,6,12,22,40,24
7037,2007-03-27,12,21,24,32,36,46,13
7038,2007-03-29,2,22,23,40,44,45,32
7039,2007-04-01,16,17,21,28,38,45,10
7040,2007-04-03,9,22,30,41,42,48,49
7041,2007-04-05,13,33,35,39,40,48,27
7042,2007-04-07,5,7,8,23,36,41,24
7043,2007-04-10,6,9,13,31,40,45,47
7044,2007-04-12,4,8,24,27,35,45,15
7045,2007-04-15,11,14,19,35,44,49,10
7046,2007-04-17,2,20,40,43,45,49,38
7047,2007-04-19,7,9,15,29,32,48,38
7048,2007-04-21,19,27,41,42,44,49,20
7049,2007-04-24,4,6,7,14,19,37,9
7050,2007-04-26,17,22,24,35,37,40,11
7051,2007-04-30,10,11,18,27,38,44,37
7052,2007-05-03,3,17,32,44,46,47,33
7053,2007-05-05,7,9,11,20,45,49,42
7054,2007-05-08,11,20,23,30,46,48,22
7055,2007-05-10,4,6,12,14,41,46,15
7056,2007-05-13,14,16,25,28,36,38,40
7057,2007-05-15,12,30,33,36,42,43,15
7058,2007-05-17,4,5,14,27,37,39,35
7059,2007-05-19,21,24,31,36,38,46,43
7060,2007-05-22,20,21,23,28,38,40,13
7061,2007-05-26,23,24,26,29,36,41,12
7062,2007-05-29,2,8,12,25,29,46,7
7063,2007-05-31,1,4,7,20,25,38,17
7064,2007-06-02,16,20,26,27,42,46,32
7065,2007-06-05,5,9,11,21,22,37,32
7066,2007-06-07,1,4,15,34,44,47,7
7067,2007-06-10,1,6,9,36,37,48,13
7068,2007-06-12,7,30,31,41,45,47,4
7069,2007-06-14,3,19,21,29,33,41,46
7070,2007-06-16,3,15,18,19,28,37,30
7071,2007-06-19,4,8,11,12,20,32,47
7072,2007-06-21,1,5,11,26,43,45,22
7073,2007-06-23,10,24,27,28,31,38,23
7074,2007-06-26,2,17,24,32,35,47,34
7075,2007-06-28,4,15,38,40,41,46,33
7076,2007-06-30,1,4,10,18,37,44,20
7077,2007-07-03,16,22,35,36,45,48,32
7078,2007-07-05,14,23,25,26,35,38,21
7079,2007-07-07,4,8,10,15,35,45,16
7080,2007-07-10,12,13,17,24,31,43,49
7081,2007-07-12,6,16,17,18,22,49,33
7082,2007-07-14,10,19,24,30,45,49,34
7083,2007-07-17,5,10,12,13,16,42,41
7084,2007-07-19,1,26,27,36,42,45,12
7085,2007-07-21,5,9,18,40,43,45,17
7086,2007-07-24,16,26,30,36,41,49,13
7087,2007-07-26,13,22,28,32,37,46,17
7088,2007-07-28,18,21,29,30,31,38,34
7089,2007-07-31,3,4,21,43,47,48,7
7090,2007-08-02,8,22,29,35,40,41,6
7091,2007-08-07,1,14,26,32,45,48,46
7092,2007-08-09,3,4,5,12,17,44,37
7093,2007-08-11,6,9,35,38,43,44,41
7094,2007-08-14,7,9,12,27,29,40,5
7095,2007-08-16,14,16,18,26,30,35,10
7096,2007-08-18,14,18,22,31,35,40,46
7097,2007-08-21,10,13,22,33,36,48,31
7098,2007-08-24,10,19,20,28,37,43,6
7099,2007-08-26,6,20,23,42,44,45,13
7100,2007-08-28,4,9,20,27,37,43,7
7101,2007-08-30,3,4,13,23,34,39,37
7102,2007-09-01,2,6,16,38,39,44,15
7103,2007-09-04,6,28,38,44,45,49,34
7104,2007-09-06,4,12,18,35,40,44,38
7105,2007-09-08,1,3,14,31,34,35,16
7106,2007-09-11,14,23,26,35,36,44,5
7107,2007-09-13,8,14,15,25,32,38,11
7108,2007-09-16,6,7,8,17,24,27,38
7109,2007-09-18,10,12,24,37,41,43,17
7110,2007-09-20,6,11,13,28,40,41,49
7111,2007-09-22,5,6,24,44,48,49,45
7112,2007-09-25,2,8,16,24,25,34,40
7113,2007-09-27,6,9,17,23,34,45,2
7114,2007-09-29,35,41,42,44,47,49,48
7115,2007-10-02,10,21,30,34,37,43,17
7116,2007-10-04,6,14,28,29,37,38,12
7117,2007-10-06,7,20,25,33,38,45,26
7118,2007-10-09,9,10,16,23,32,49,19
7119,2007-10-11,12,19,23,26,33,42,27
7120,2007-10-13,23,24,25,27,43,45,11
7121,2007-10-16,6,10,11,14,31,40,49
7122,2007-10-18,1,2,37,39,47,48,34
7123,2007-10-20,4,14,18,19,30,42,34
7124,2007-10-23,6,13,21,29,31,37,25
7125,2007-10-25,4,14,31,35,42,49,1
7126,2007-10-27,2,27,30,35,43,46,36
7127,2007-10-30,12,19,31,41,42,47,13
7128,2007-11-01,5,9,12,18,24,43,7
7129,2007-11-04,4,13,25,27,40,47,45
7130,2007-11-08,6,14,18,28,30,37,21
7131,2007-11-10,1,6,8,15,41,43,2
7132,2007-11-13,2,6,15,30,38,42,29
7133,2007-11-15,12,16,18,27,41,45,29
7134,2007-11-18,1,4,6,20,25,32,43
7135,2007-11-20,6,13,14,22,30,44,26
7136,2007-11-22,1,12,29,39,40,48,41
7137,2007-11-24,5,19,25,32,40,42,4
7138,2007-11-27,7,25,27,33,35,45,6
7139,2007-11-29,10,13,19,27,43,48,8
7140,2007-12-02,18,25,29,30,32,35,39
7141,2007-12-04,18,23,26,28,30,45,15
7142,2007-12-06,5,26,33,38,39,46,47
7143,2007-12-08,9,14,35,38,41,42,40
7144,2007-12-11,16,18,24,35,40,41,47
7145,2007-12-13,5,7,15,18,23,42,10
7146,2007-12-16,1,17,23,25,40,44,26
7147,2007-12-18,1,2,6,19,24,40,44
7148,2007-12-22,1,9,17,28,42,46,32
7149,2007-12-25,1,2,21,30,44,46,33
7150,2007-12-27,7,17,37,38,40,48,43
7151,2007-12-29,6,12,16,33,41,48,8
7152,2007-12-31,15,16,21,23,37,45,4
8001,2008-01-03,5,8,36,39,42,46,14
8002,2008-01-05,3,11,14,32,33,42,15
8003,2008-01-08,2,9,14,24,40,45,3
8004,2008-01-10,4,20,36,42,46,47,22
8005,2008-01-13,8,13,18,22,26,42,43
8006,2008-01-15,10,11,15,18,37,45,26
8007,2008-01-17,8,19,24,35,36,40,23
8008,2008-01-19,4,7,8,20,32,34,24
8009,2008-01-22,9,16,17,30,33,49,41
8010,2008-01-24,10,23,26,38,42,46,29
8011,2008-01-26,13,15,19,22,33,38,39
8012,2008-01-29,16,22,24,33,43,44,29
8013,2008-01-31,24,32,41,42,48,49,10
8014,2008-02-03,1,34,36,37,42,46,39
8015,2008-02-05,3,6,36,40,43,48,8
8016,2008-02-08,2,16,30,31,38,48,36
8017,2008-02-10,7,24,26,30,32,39,47
8018,2008-02-12,12,23,31,37,40,45,35
8019,2008-02-14,4,6,15,29,33,39,18
8020,2008-02-16,2,5,8,22,29,41,28
8021,2008-02-19,5,15,29,32,38,39,31
8022,2008-02-21,18,22,24,27,30,48,3
8023,2008-02-23,2,9,14,24,33,47,48
8024,2008-02-26,9,20,23,30,34,39,13
8025,2008-02-28,6,8,13,17,35,49,45
8026,2008-03-02,5,7,22,30,32,35,13
8027,2008-03-04,2,5,13,20,21,49,36
8028,2008-03-06,7,12,24,25,39,44,27
8029,2008-03-08,16,25,31,36,38,49,29
8030,2008-03-11,5,13,15,23,28,40,17
8031,2008-03-13,12,28,31,33,36,44,7
8032,2008-03-15,8,10,21,22,30,47,28
8033,2008-03-18,13,23,28,30,37,44,49
8034,2008-03-20,4,12,22,26,33,45,8
8035,2008-03-22,13,18,32,38,48,49,40
8036,2008-03-25,7,14,15,22,25,35,32
8037,2008-03-27,3,4,16,32,45,48,23
8038,2008-03-29,6,9,30,32,39,48,4
8039,2008-04-01,15,16,27,40,44,49,31
8040,2008-04-03,1,6,17,28,36,41,31
8041,2008-04-08,11,13,21,36,39,40,43
8042,2008-04-13,1,9,22,23,34,38,24
8043,2008-04-15,8,25,31,38,43,48,23
8044,2008-04-17,7,10,11,27,31,48,5
8045,2008-04-19,7,10,16,19,42,46,20
8046,2008-04-22,8,14,31,36,40,46,9
8047,2008-04-24,8,12,13,25,31,35,21
8048,2008-04-26,13,15,17,19,24,32,9
8049,2008-04-29,20,22,24,25,40,41,35
8050,2008-05-03,1,3,4,5,37,39,8
8051,2008-05-06,7,8,13,26,28,49,17
8052,2008-05-08,16,24,31,35,37,49,39
8053,2008-05-10,5,6,27,41,47,49,40
8054,2008-05-13,8,19,26,34,37,40,29
8055,2008-05-15,7,21,22,38,45,47,40
8056,2008-05-17,3,18,24,45,46,48,31
8057,2008-05-20,1,4,6,23,25,47,49
8058,2008-05-22,1,19,23,29,34,41,15
8059,2008-05-24,1,5,12,14,19,31,45
8060,2008-05-27,22,23,24,28,29,43,6
8061,2008-05-29,1,6,27,39,44,49,36
8062,2008-05-31,11,26,31,34,36,42,13
8063,2008-06-03,5,32,33,40,41,49,30
8064,2008-06-07,6,11,14,23,39,45,10
8065,2008-06-10,2,7,11,20,29,45,48
8066,2008-06-12,4,6,9,15,22,37,3
8067,2008-06-14,3,15,19,40,41,44,13
8068,2008-06-17,3,5,6,13,31,32,15
8069,2008-06-19,2,11,18,26,39,45,24
8070,2008-06-21,1,5,13,29,34,44,25
8071,2008-06-24,8,9,22,27,29,42,38
8072,2008-06-27,8,33,39,40,46,48,24
8073,2008-06-29,1,2,7,19,28,34,5
8074,2008-07-02,3,21,26,29,31,48,1
8075,2008-07-05,2,6,7,15,20,38,14
8076,2008-07-08,15,18,19,21,24,26,36
8077,2008-07-10,5,12,17,18,41,44,32
8078,2008-07-12,5,21,25,27,38,40,11
8079,2008-07-15,9,17,19,24,38,47,3
8080,2008-07-17,15,18,25,27,38,47,2
8081,2008-07-19,1,18,24,29,35,46,2
8082,2008-07-22,10,29,33,40,43,45,8
8083,2008-07-24,5,15,29,31,38,45,48
8084,2008-07-26,9,10,12,13,41,48,6
8085,2008-07-29,7,15,25,34,35,38,6
8086,2008-07-31,1,8,25,33,34,41,28
8087,2008-08-02,4,6,8,11,33,35,25
8088,2008-08-05,6,11,16,38,42,49,40
8089,2008-08-07,3,17,23,24,30,47,26
8090,2008-08-09,8,15,19,21,32,42,10
8091,2008-08-12,10,11,15,26,28,31,43
8092,2008-08-14,16,20,23,27,41,46,6
8093,2008-08-16,14,25,32,38,43,46,35
8094,2008-08-19,7,19,24,26,32,39,20
8095,2008-08-21,1,3,20,21,35,37,46
8096,2008-08-23,3,9,10,20,25,34,41
8097,2008-08-26,2,13,19,25,30,43,44
8098,2008-08-28,1,21,27,31,34,38,10
8099,2008-08-30,2,8,10,37,44,49,22
8100,2008-09-02,9,13,16,22,24,31,18
8101,2008-09-04,7,17,22,26,31,42,12
8102,2008-09-06,4,10,18,22,23,38,35
8103,2008-09-09,3,7,15,23,29,48,5
8104,2008-09-11,2,8,12,20,25,49,34
8105,2008-09-13,3,8,9,16,34,46,42
8106,2008-09-16,4,9,14,25,36,40,45
8107,2008-09-18,2,17,34,38,46,49,33
8108,2008-09-20,4,5,10,27,28,49,46
8109,2008-09-25,1,4,15,16,29,46,30
8110,2008-09-27,7,17,33,36,39,44,31
8111,2008-09-30,11,26,27,39,40,47,34
8112,2008-10-02,13,17,20,29,32,42,15
8113,2008-10-04,4,14,16,19,22,35,9
8114,2008-10-07,4,10,26,34,46,49,5
8115,2008-10-09,1,2,12,19,27,38,41
8116,2008-10-11,8,11,35,37,38,46,27
8117,2008-10-14,11,14,19,21,41,44,31
8118,2008-10-16,6,21,31,40,42,44,7
8119,2008-10-18,3,6,7,9,32,35,24
8120,2008-10-21,1,8,9,32,35,37,14
8121,2008-10-23,5,9,19,21,27,46,37
8122,2008-10-25,3,13,18,20,22,30,39
8123,2008-10-28,3,10,11,13,26,48,9
8124,2008-10-30,5,13,23,33,37,40,39
8125,2008-11-01,11,17,19,23,32,44,25
8126,2008-11-03,1,8,20,25,38,43,39
8127,2008-11-06,5,6,28,35,42,43,4
8128,2008-11-09,1,4,6,15,24,48,43
8129,2008-11-11,17,19,20,27,32,35,11
8130,2008-11-13,9,10,20,33,34,43,42
8131,2008-11-15,2,5,8,24,32,37,35
8132,2008-11-18,5,11,18,28,29,32,10
8133,2008-11-20,4,13,31,36,40,41,49
8134,2008-11-22,1,3,4,17,24,28,7
8135,2008-11-25,3,9,18,38,46,48,13
8136,2008-11-27,4,6,14,21,36,46,41
8137,2008-11-29,5,6,27,33,36,37,48
8138,2008-12-02,3,13,29,30,31,43,8
8139,2008-12-04,8,10,28,35,37,47,12
8140,2008-12-07,4,9,17,26,28,30,1
8141,2008-12-09,7,14,21,43,44,47,35
8142,2008-12-11,1,10,11,41,47,48,20
8143,2008-12-13,1,7,27,36,40,48,13
8144,2008-12-16,21,29,32,36,38,44,43
8145,2008-12-18,2,22,27,31,40,46,13
8146,2008-12-21,6,13,20,26,34,40,10
8147,2008-12-23,22,24,26,29,33,48,46
8148,2008-12-27,2,17,19,21,24,34,18
8149,2008-12-30,4,8,18,29,40,47,9
9001,2009-01-03,2,10,16,21,22,30,26
9002,2009-01-06,9,14,23,30,42,45,19
9003,2009-01-08,18,19,22,33,42,46,7
9004,2009-01-11,3,7,16,19,44,47,31
9005,2009-01-13,12,15,36,40,41,49,42
9006,2009-01-15,6,9,10,12,24,32,30
9007,2009-01-17,1,15,16,28,29,47,37
9008,2009-01-20,5,13,22,29,34,42,37
9009,2009-01-23,5,17,37,38,44,47,12
9010,2009-01-25,4,12,19,40,44,47,49
9011,2009-01-27,7,13,17,21,42,45,36
9012,2009-01-29,6,8,9,17,25,36,4
9013,2009-01-31,4,9,10,14,24,29,38
9014,2009-02-03,8,12,26,31,44,46,42
9015,2009-02-05,3,23,25,36,46,47,20
9016,2009-02-07,9,12,42,44,45,48,35
9017,2009-02-10,4,6,14,21,24,48,8
9018,2009-02-12,10,14,22,28,32,42,36
9019,2009-02-14,12,17,31,37,39,46,8
9020,2009-02-17,8,12,15,26,39,44,6
9021,2009-02-19,6,9,16,26,29,36,8
9022,2009-02-21,7,8,14,15,20,21,44
9023,2009-02-24,1,9,32,37,38,47,25
9024,2009-02-26,14,15,19,23,24,25,2
9025,2009-02-28,5,15,22,24,34,46,26
9026,2009-03-03,22,25,30,37,38,49,15
9027,2009-03-05,2,7,17,20,33,47,45
9028,2009-03-08,3,4,11,28,37,40,36
9029,2009-03-10,21,27,32,33,39,48,9
9030,2009-03-12,2,12,15,16,30,32,5
9031,2009-03-14,10,16,19,33,42,43,12
9032,2009-03-17,11,12,14,17,21,37,10
9033,2009-03-19,6,14,18,21,32,46,43
9034,2009-03-21,13,23,27,32,34,43,22
9035,2009-03-24,4,12,15,16,38,46,21
9036,2009-03-26,5,14,34,36,38,42,19
9037,2009-03-29,24,32,36,40,42,43,47
9038,2009-03-31,1,7,15,23,29,35,14
9039,2009-04-02,7,13,20,33,39,45,30
9040,2009-04-04,2,6,10,17,18,46,34
9041,2009-04-07,4,21,22,29,41,45,14
9042,2009-04-09,7,9,22,29,44,49,1
9043,2009-04-11,3,16,25,38,45,47,35
9044,2009-04-14,2,7,22,27,41,42,5
9045,2009-04-16,1,11,12,19,28,30,49
9046,2009-04-18,10,14,22,29,33,48,5
9047,2009-04-21,4,18,31,41,42,43,24
9048,2009-04-23,15,20,34,42,45,46,23
9049,2009-04-25,4,17,34,38,46,49,7
9050,2009-04-28,3,7,20,34,36,41,39
9051,2009-04-30,8,11,21,30,38,49,35
9052,2009-05-02,1,6,18,29,39,48,10
9053,2009-05-05,5,29,30,31,41,45,47
9054,2009-05-07,2,3,7,9,16,34,14
9055,2009-05-10,11,14,21,28,41,48,32
9056,2009-05-12,9,25,29,36,38,41,23
9057,2009-05-14,6,23,31,43,46,49,40
9058,2009-05-16,3,7,11,18,20,27,2
9059,2009-05-19,28,33,36,38,40,45,4
9060,2009-05-23,1,8,21,32,37,46,22
9061,2009-05-26,11,14,19,25,27,47,20
9062,2009-05-28,2,12,20,28,46,49,31
9063,2009-05-30,9,12,14,20,27,36,11
9064,2009-06-02,5,7,18,26,29,47,2
9065,2009-06-04,4,9,19,22,24,43,1
9066,2009-06-06,1,5,8,23,32,48,3
9067,2009-06-09,7,13,16,35,42,46,25
9068,2009-06-11,8,11,15,20,33,43,34
9069,2009-06-14,12,13,25,39,42,43,38
9070,2009-06-16,16,25,27,30,37,41,36
9071,2009-06-18,2,11,17,19,22,26,13
9072,2009-06-20,7,11,24,32,35,49,46
9073,2009-06-23,1,19,34,39,43,48,45
9074,2009-06-25,12,19,26,30,36,45,20
9075,2009-06-27,16,18,21,26,30,48,45
9076,2009-06-30,5,11,15,17,25,46,24
9077,2009-07-02,6,19,22,24,29,40,4
9078,2009-07-04,2,14,17,19,20,49,26
9079,2009-07-07,6,27,30,38,41,47,20
9080,2009-07-09,4,24,26,30,31,46,2
9081,2009-07-11,2,9,18,21,32,47,26
9082,2009-07-14,2,10,19,39,46,47,41
9083,2009-07-16,3,5,14,17,29,45,31
9084,2009-07-18,24,28,29,38,39,41,19
9085,2009-07-21,1,4,6,13,15,48,39
9086,2009-07-23,1,3,11,15,39,47,44
9087,2009-07-25,4,22,23,31,36,47,20
9088,2009-07-28,4,11,20,28,46,49,31
9089,2009-07-30,4,11,12,18,21,40,44
9090,2009-08-01,1,8,20,45,47,48,11
9091,2009-08-04,9,27,32,34,36,37,20
9092,2009-08-06,18,28,38,39,47,48,24
9093,2009-08-08,5,8,10,11,23,30,42
9094,2009-08-11,1,15,23,24,31,39,33
9095,2009-08-13,3,6,18,27,29,37,4
9096,2009-08-15,6,16,20,23,24,34,42
9097,2009-08-18,1,3,15,18,20,33,48
9098,2009-08-20,12,15,22,26,27,29,37
9099,2009-08-22,3,4,12,29,32,48,16
9100,2009-08-25,5,11,12,15,24,32,39
9101,2009-08-27,5,8,17,24,30,42,34
9102,2009-08-29,4,17,18,26,33,35,40
9103,2009-09-01,17,19,22,27,40,46,4
9104,2009-09-04,6,9,14,17,47,49,38
9105,2009-09-06,9,24,35,40,41,48,31
9106,2009-09-08,11,13,16,20,21,28,15
9107,2009-09-10,7,29,31,32,33,35,48
9108,2009-09-12,1,3,14,17,35,43,47
9109,2009-09-15,11,14,16,17,35,49,34
9110,2009-09-17,19,21,24,28,30,48,26
9111,2009-09-19,20,23,28,37,39,41,26
9112,2009-09-22,1,5,9,18,24,32,38
9113,2009-09-24,9,19,22,26,34,36,24
9114,2009-09-27,1,3,9,30,41,47,19
9115,2009-09-29,1,5,15,33,40,48,21
9116,2009-10-03,4,6,11,16,22,39,10
9117,2009-10-06,12,15,17,24,36,49,14
9118,2009-10-08,21,31,33,35,39,44,28
9119,2009-10-10,2,12,16,19,20,49,4
9120,2009-10-13,13,15,18,36,43,45,7
9121,2009-10-15,15,17,22,37,39,47,26
9122,2009-10-18,2,4,15,20,32,42,48
9123,2009-10-20,8,26,34,36,39,46,35
9124,2009-10-22,1,2,24,29,40,47,7
9125,2009-10-24,22,25,26,34,41,45,15
9126,2009-10-27,13,16,31,35,41,42,36
9127,2009-10-29,13,14,15,16,18,44,48
9128,2009-10-31,11,25,27,29,30,44,23
9129,2009-11-03,3,19,33,42,43,45,44
9130,2009-11-05,3,9,13,31,40,42,30
9131,2009-11-08,2,17,27,32,35,38,41
9132,2009-11-10,2,8,18,22,24,35,17
9133,2009-11-12,1,6,9,10,20,46,14
9134,2009-11-14,3,6,15,26,28,42,21
9135,2009-11-17,2,4,9,28,42,43,45
9136,2009-11-19,11,13,19,35,41,45,24
9137,2009-11-21,2,8,23,28,38,45,21
9138,2009-11-24,7,21,24,33,35,45,26
9139,2009-11-26,1,3,9,17,18,42,7
9140,2009-11-28,1,5,25,32,38,39,4
9141,2009-12-01,4,5,10,17,39,44,24
9142,2009-12-03,10,15,20,21,34,46,4
9143,2009-12-05,1,14,17,23,35,38,31
9144,2009-12-08,6,12,23,29,31,35,21
9145,2009-12-10,4,8,15,16,34,49,45
9146,2009-12-12,8,9,37,40,46,49,41
9147,2009-12-15,10,27,28,40,46,47,18
9148,2009-12-17,2,4,30,37,43,49,10
9149,2009-12-20,2,4,24,28,32,45,38
9150,2009-12-22,6,23,30,33,43,44,10
9151,2009-12-24,20,22,26,27,31,44,49
9152,2009-12-26,6,17,21,27,36,42,23
9153,2009-12-29,9,27,33,38,39,40,14
9154,2009-12-31,26,28,31,33,40,41,19
10001,2010-01-02,11,13,16,18,21,22,6
10002,2010-01-05,5,14,16,22,26,28,27
10003,2010-01-07,5,14,16,25,45,48,42
10004,2010-01-09,4,8,16,39,40,45,10
10005,2010-01-12,9,23,25,29,30,48,1
10006,2010-01-14,21,26,27,35,38,48,41
10007,2010-01-17,5,18,19,28,35,45,27
10008,2010-01-19,2,3,9,24,33,41,40
10009,2010-01-21,6,7,17,24,41,48,16
10010,2010-01-23,18,19,26,34,39,46,2
10011,2010-01-26,8,9,17,31,37,38,2
10012,2010-01-28,3,9,15,32,43,46,28
10013,2010-01-30,2,4,6,30,32,34,40
10014,2010-02-02,1,10,13,14,38,39,41
10015,2010-02-04,9,20,25,36,42,47,13
10016,2010-02-06,1,5,13,16,24,41,14
10017,2010-02-09,4,8,10,13,14,49,7
10018,2010-02-11,21,24,27,32,35,36,16
10019,2010-02-13,5,21,26,27,28,29,44
10020,2010-02-15,1,7,17,20,29,49,19
10021,2010-02-18,4,5,7,11,28,32,3
10022,2010-02-20,3,4,11,15,32,45,1
10023,2010-02-23,8,19,43,44,48,49,46
10024,2010-02-25,11,20,31,37,44,47,46
10025,2010-02-27,16,17,18,22,25,36,47
10026,2010-03-02,1,6,10,21,28,35,46
10027,2010-03-04,10,11,24,33,34,38,16
10028,2010-03-07,3,12,26,28,31,46,16
10029,2010-03-09,9,13,14,17,28,45,20
10030,2010-03-11,10,14,35,40,43,48,21
10031,2010-03-13,1,4,14,18,22,39,48
10032,2010-03-16,4,16,28,37,38,47,30
10033,2010-03-18,4,19,30,37,39,41,31
10034,2010-03-20,8,12,29,33,39,45,36
10035,2010-03-23,7,11,22,27,32,46,17
10036,2010-03-25,14,16,29,44,45,47,42
10037,2010-03-27,1,3,8,22,36,44,29
10038,2010-03-30,2,22,29,31,40,48,20
10039,2010-04-01,20,21,23,31,42,43,41
10040,2010-04-03,11,23,35,37,40,43,30
10041,2010-04-06,11,20,25,35,42,45,8
10042,2010-04-08,3,5,25,30,33,37,35
10043,2010-04-11,2,7,20,36,38,41,40
10044,2010-04-13,31,32,33,37,42,46,17
10045,2010-04-15,19,21,30,35,36,37,33
10046,2010-04-17,1,2,24,38,42,49,19
10047,2010-04-20,6,17,25,27,35,40,32
10048,2010-04-22,1,16,23,29,39,46,17
10049,2010-04-24,5,12,16,23,29,39,11
10050,2010-04-27,3,13,18,21,22,33,8
10051,2010-04-29,5,7,24,26,41,49,3
10052,2010-05-02,7,16,26,28,41,44,24
10053,2010-05-04,19,24,34,40,41,46,15
10054,2010-05-06,2,31,37,38,39,40,44
10055,2010-05-09,1,5,8,21,27,34,20
10056,2010-05-11,15,26,29,34,35,40,9
10057,2010-05-13,16,22,31,37,39,49,32
10058,2010-05-15,1,29,32,39,44,47,17
10059,2010-05-18,4,7,12,20,39,48,14
10060,2010-05-20,4,10,11,15,22,37,49
10061,2010-05-22,12,17,18,26,29,33,41
10062,2010-05-25,14,18,30,40,43,46,27
10063,2010-05-27,9,22,28,32,33,49,18
10064,2010-05-29,4,16,25,26,33,42,30
10065,2010-06-01,7,11,13,24,28,46,26
10066,2010-06-03,5,16,19,26,42,44,6
10067,2010-06-05,9,15,30,37,38,40,1
10068,2010-06-08,7,8,12,21,23,47,10
10069,2010-06-10,8,26,32,35,36,49,24
10070,2010-06-13,2,11,19,20,21,40,43
10071,2010-06-15,5,10,18,21,35,49,11
10072,2010-06-17,5,11,15,42,45,48,14
10073,2010-06-19,2,8,12,13,27,35,37
10074,2010-06-22,2,4,9,20,35,40,44
10075,2010-06-24,5,23,26,31,34,49,24
10076,2010-06-26,7,13,15,20,21,41,2
10077,2010-06-29,8,11,21,38,41,48,49
10078,2010-07-03,2,13,14,21,45,49,19
10079,2010-07-06,14,17,21,29,42,46,49
10080,2010-07-08,4,16,40,43,46,47,27
10081,2010-07-10,2,22,25,27,35,42,13
10082,2010-07-13,2,3,5,25,43,48,24
10083,2010-07-15,2,10,16,18,41,44,31
10084,2010-07-17,7,12,30,34,40,48,33
10085,2010-07-20,5,13,26,29,40,47,42
10086,2010-07-24,6,15,22,25,33,42,24
10087,2010-07-27,4,17,23,28,43,46,22
10088,2010-07-29,12,13,38,41,44,49,22
10089,2010-07-31,12,28,29,33,35,37,22
10090,2010-08-03,9,17,26,31,35,36,42
10091,2010-08-05,8,30,42,46,48,49,7
10092,2010-08-07,3,18,34,41,45,46,37
10093,2010-08-10,5,8,12,20,30,39,23
10094,2010-08-12,6,17,29,33,42,48,34
10095,2010-08-14,6,12,17,34,38,46,43
10096,2010-08-17,2,5,8,22,25,35,16
10097,2010-08-19,8,12,30,43,46,48,35
10098,2010-08-21,18,21,34,37,40,49,28
10099,2010-08-24,6,9,11,16,25,37,45
10100,2010-08-26,1,7,9,10,36,44,37
10101,2010-08-28,1,3,6,7,36,49,42
10102,2010-08-30,6,16,39,40,46,49,41
10103,2010-09-02,3,7,11,20,23,48,38
10104,2010-09-04,17,19,25,34,43,45,47
10105,2010-09-07,2,3,16,42,43,45,27
10106,2010-09-09,2,4,19,34,37,41,5
10107,2010-09-11,10,20,24,35,36,39,12
10108,2010-09-14,3,4,7,22,30,39,6
10109,2010-09-16,5,8,31,46,47,49,34
10110,2010-09-19,12,17,19,26,33,40,25
10111,2010-09-21,10,13,23,35,36,48,47
10112,2010-09-25,16,23,30,37,39,43,5
10113,2010-09-28,7,30,31,42,45,49,46
10114,2010-09-30,9,18,21,22,26,29,27
10115,2010-10-02,7,16,17,21,27,36,6
10116,2010-10-05,5,6,8,16,29,31,12
10117,2010-10-07,14,15,21,22,32,40,2
10118,2010-10-09,22,37,41,42,44,45,27
10119,2010-10-12,9,13,21,24,38,46,27
10120,2010-10-14,4,7,10,26,42,47,13
10121,2010-10-16,1,29,30,44,45,49,41
10122,2010-10-19,2,20,29,38,39,43,37
10123,2010-10-21,4,9,23,35,46,49,18
10124,2010-10-23,1,28,33,41,42,45,8
10125,2010-10-26,3,8,14,20,33,41,32
10126,2010-10-28,8,9,17,31,36,47,46
10127,2010-10-30,7,8,12,24,30,49,27
10128,2010-11-02,5,17,24,25,36,45,15
10129,2010-11-04,5,9,25,27,33,44,17
10130,2010-11-09,4,15,41,43,45,49,18
10131,2010-11-11,5,6,15,28,29,43,48
10132,2010-11-13,7,18,21,28,47,48,35
10133,2010-11-16,3,12,20,39,46,49,19
10134,2010-11-18,6,20,30,33,39,47,23
10135,2010-11-20,3,6,9,29,30,33,14
10136,2010-11-23,1,10,11,24,30,49,35
10137,2010-11-25,17,22,28,31,39,45,8
10138,2010-11-27,13,17,25,26,43,44,42
10139,2010-11-30,3,14,16,19,45,48,9
10140,2010-12-02,6,11,17,31,40,41,34
10141,2010-12-05,9,10,20,42,46,47,27
10142,2010-12-07,12,13,18,20,28,48,14
10143,2010-12-09,4,10,20,25,33,36,37
10144,2010-12-11,15,18,22,24,27,30,10
10145,2010-12-14,3,7,28,29,38,48,40
10146,2010-12-16,12,13,18,19,27,29,10
10147,2010-12-18,15,19,34,39,44,45,23
10148,2010-12-20,4,5,12,16,18,41,7
10149,2010-12-22,3,4,15,24,35,41,36
10150,2010-12-25,1,2,4,13,43,48,11
10151,2010-12-28,8,23,28,31,36,37,12
10152,2010-12-30,4,13,18,20,36,39,12
11001,2011-01-02,1,13,20,24,37,39,3
11002,2011-01-04,4,9,16,20,38,39,40
11003,2011-01-06,4,7,14,15,19,26,43
11004,2011-01-08,10,12,18,21,27,33,4
11005,2011-01-11,1,2,29,37,42,48,38
11006,2011-01-13,17,19,25,36,40,44,10
11007,2011-01-15,13,18,29,31,32,46,2
11008,2011-01-18,9,15,21,31,33,41,37
11009,2011-01-20,5,21,28,30,37,42,48
11010,2011-01-22,1,15,30,39,45,49,37
11011,2011-01-25,9,14,16,17,21,26,20
11012,2011-01-27,1,6,14,25,29,35,48
11013,2011-01-29,5,8,9,10,29,49,46
11014,2011-02-01,1,8,22,32,46,48,9
11015,2011-02-03,6,8,10,28,36,37,21
11016,2011-02-06,1,2,16,27,31,47,19
11017,2011-02-08,11,21,27,28,32,34,17
11018,2011-02-10,2,3,9,18,20,36,12
11019,2011-02-13,10,13,20,24,37,47,16
11020,2011-02-15,16,17,18,27,38,41,30
11021,2011-02-17,9,24,25,30,35,37,45
11022,2011-02-19,13,16,18,23,34,42,40
11023,2011-02-22,3,8,21,22,28,48,5
11024,2011-02-24,7,26,27,29,30,41,44
11025,2011-02-26,1,24,28,33,37,47,49
11026,2011-03-01,4,25,30,41,43,45,29
11027,2011-03-03,8,9,13,17,33,49,30
11028,2011-03-05,2,7,16,25,29,34,10
11029,2011-03-08,4,15,23,33,37,47,22
11030,2011-03-10,2,6,21,45,46,49,28
11031,2011-03-13,6,14,26,27,30,43,21
11032,2011-03-15,4,11,15,16,35,42,9
11033,2011-03-17,4,5,23,31,39,48,20
11034,2011-03-19,8,12,24,31,33,41,20
11035,2011-03-22,18,24,26,34,38,45,15
11036,2011-03-24,10,16,17,38,42,43,13
11037,2011-03-26,2,12,20,25,31,47,29
11038,2011-03-29,1,2,9,20,24,49,43
11039,2011-03-31,6,23,24,38,39,40,32
11040,2011-04-02,3,12,15,31,36,49,11
11041,2011-04-05,8,10,26,29,41,44,9
11042,2011-04-07,1,5,21,26,31,43,22
11043,2011-04-10,6,10,24,34,37,47,12
11044,2011-04-12,2,4,9,12,21,31,10
11045,2011-04-14,12,14,23,32,37,39,28
11046,2011-04-16,1,16,17,26,31,36,45
11047,2011-04-19,1,8,18,20,22,46,28
11048,2011-04-21,1,6,9,10,22,26,35
11049,2011-04-23,2,4,26,30,31,43,38
11050,2011-04-26,11,15,25,29,30,49,47
11051,2011-04-28,1,6,15,30,33,49,3
11052,2011-04-30,9,10,23,29,30,34,36
11053,2011-05-03,2,3,13,23,34,38,5
11054,2011-05-05,5,6,15,20,32,48,22
11055,2011-05-08,10,14,26,29,39,41,6
11056,2011-05-12,4,9,25,28,39,45,30
11057,2011-05-14,4,10,15,22,33,35,48
11058,2011-05-17,12,14,27,35,46,49,31
11059,2011-05-20,13,15,18,30,32,48,8
11060,2011-05-22,15,17,22,36,45,47,35
11061,2011-05-24,11,20,31,33,39,48,4
11062,2011-05-26,5,6,22,37,44,48,23
11063,2011-05-28,7,13,34,38,43,44,10
11064,2011-05-31,1,4,10,24,30,39,8
11065,2011-06-02,2,7,18,23,39,47,17
11066,2011-06-04,7,8,33,36,46,49,18
11067,2011-06-07,22,24,33,36,42,49,38
11068,2011-06-09,3,5,6,15,39,42,35
11069,2011-06-12,1,4,13,17,35,44,22
11070,2011-06-14,12,13,19,22,39,48,46
11071,2011-06-16,4,12,26,44,47,48,2
11072,2011-06-18,14,16,38,44,48,49,39
11073,2011-06-21,9,10,16,21,32,47,38
11074,2011-06-23,2,15,27,32,43,49,42
11075,2011-06-25,4,23,24,30,34,45,19
11076,2011-06-28,4,15,17,43,45,47,38
11077,2011-06-30,10,20,40,46,48,49,13
11078,2011-07-02,5,13,31,33,34,35,27
11079,2011-07-05,9,16,22,28,30,32,37
11080,2011-07-07,10,14,29,35,40,46,30
11081,2011-07-09,1,10,11,13,42,48,15
11082,2011-07-12,16,18,28,33,41,45,29
11083,2011-07-14,11,13,33,37,45,48,36
11084,2011-07-16,11,17,20,31,48,49,35
11085,2011-07-19,3,10,31,40,41,43,20
11086,2011-07-21,6,18,26,28,30,49,22
11087,2011-07-24,7,8,27,29,37,48,21
11088,2011-07-26,15,25,26,34,35,41,10
11089,2011-07-28,11,21,30,36,42,47,34
11090,2011-07-30,6,29,44,45,46,47,30
11091,2011-08-02,11,14,21,24,25,47,36
11092,2011-08-04,2,11,25,32,34,39,31
11093,2011-08-06,9,30,31,34,42,45,24
11094,2011-08-09,5,6,11,25,45,48,34
11095,2011-08-11,4,6,7,25,35,37,48
11096,2011-08-13,11,18,23,31,37,49,10
11097,2011-08-16,5,8,9,10,22,38,7
11098,2011-08-18,5,14,17,43,45,49,12
11099,2011-08-20,13,15,17,23,26,47,1
11100,2011-08-23,11,24,25,36,41,45,40
11101,2011-08-25,6,10,17,20,25,28,2
11102,2011-08-27,9,10,19,27,29,45,30
11103,2011-08-30,9,15,24,46,48,49,6
11104,2011-09-02,2,29,33,34,44,49,42
11105,2011-09-04,4,18,21,22,39,46,29
11106,2011-09-06,1,4,7,21,23,44,17
11107,2011-09-08,14,18,22,30,39,44,32
11108,2011-09-10,15,19,36,44,45,49,16
11109,2011-09-13,11,13,16,19,28,46,22
11110,2011-09-15,5,7,13,29,41,49,25
11111,2011-09-17,6,12,14,25,35,43,42
11112,2011-09-20,10,27,33,40,47,48,13
11113,2011-09-22,8,10,19,27,39,44,6
11114,2011-09-24,6,16,18,28,34,40,38
11115,2011-09-27,4,22,23,37,40,49,13
11116,2011-10-02,9,14,22,37,41,45,5
11117,2011-10-04,1,4,9,15,37,39,47
11118,2011-10-08,4,8,24,26,37,41,33
11119,2011-10-11,2,6,22,25,33,39,46
11120,2011-10-13,2,8,28,30,33,40,23
11121,2011-10-15,11,24,28,37,41,43,13
11122,2011-10-18,4,9,23,37,47,48,14
11123,2011-10-20,2,16,23,32,34,35,40
11124,2011-10-22,1,11,18,20,26,30,47
11125,2011-10-25,17,22,26,27,29,35,44
11126,2011-10-27,1,9,22,43,46,48,49
11127,2011-10-29,5,12,15,17,18,39,47
11128,2011-11-01,8,15,19,21,24,44,10
11129,2011-11-03,1,3,21,34,41,44,43
11130,2011-11-06,1,3,7,11,16,34,49
11131,2011-11-08,2,23,30,34,40,42,48
11132,2011-11-10,4,7,9,20,37,49,33
11133,2011-11-12,10,17,29,33,42,48,35
11134,2011-11-15,7,11,14,25,26,30,29
11135,2011-11-17,3,6,23,24,42,44,35
11136,2011-11-19,10,12,13,14,22,47,21
11137,2011-11-22,7,21,24,31,43,47,5
11138,2011-11-24,3,5,19,35,38,41,32
11139,2011-11-26,4,22,33,39,42,47,14
11140,2011-11-29,3,6,13,37,40,42,29
11141,2011-12-01,1,3,8,22,28,33,5
11142,2011-12-03,2,3,9,18,23,37,31
11143,2011-12-06,1,2,5,6,11,43,25
11144,2011-12-08,5,20,22,28,36,48,1
11145,2011-12-10,3,14,21,25,27,42,34
11146,2011-12-13,3,25,32,36,38,40,31
11147,2011-12-15,9,21,29,34,43,47,32
11148,2011-12-18,1,2,23,35,38,46,5
11149,2011-12-20,26,29,31,37,43,49,2
11150,2011-12-22,5,16,18,28,37,49,24
11151,2011-12-24,1,4,17,24,27,43,41
11152,2011-12-26,8,30,31,37,38,48,5
11153,2011-12-29,7,10,21,23,29,39,1
11154,2011-12-31,2,3,27,40,44,49,38
12001,2012-01-03,5,12,31,34,37,45,10
12002,2012-01-05,9,11,33,43,46,48,2
12003,2012-01-07,3,7,10,31,32,35,30
12004,2012-01-10,3,20,26,31,32,35,12
12005,2012-01-12,15,27,32,36,44,48,47
12006,2012-01-14,10,13,20,24,29,36,14
12007,2012-01-17,16,23,24,35,36,44,1
12008,2012-01-19,1,2,14,18,25,39,31
12009,2012-01-22,10,14,18,20,34,47,41
12010,2012-01-26,3,10,11,17,29,34,15
12011,2012-01-31,22,27,28,29,42,46,49
12012,2012-02-02,14,20,21,38,45,46,47
12013,2012-02-04,6,12,16,20,27,38,7
12014,2012-02-07,11,16,30,34,41,45,47
12015,2012-02-09,3,12,20,33,34,41,43
12016,2012-02-12,7,9,33,34,39,41,48
12017,2012-02-14,10,14,21,37,39,49,25
12018,2012-02-16,4,12,18,25,42,44,8
12019,2012-02-18,5,12,16,17,41,46,15
12020,2012-02-21,1,11,12,15,35,49,17
12021,2012-02-23,1,5,15,22,43,47,37
12022,2012-02-25,12,14,24,26,27,49,22
12023,2012-02-28,8,9,24,28,37,49,47
12024,2012-03-01,25,30,31,34,40,47,13
12025,2012-03-03,1,3,4,8,21,28,5
12026,2012-03-06,3,7,28,31,33,36,32
12027,2012-03-08,3,5,9,17,35,36,43
12028,2012-03-11,10,23,33,39,42,48,34
12029,2012-03-13,7,8,26,43,47,48,12
12030,2012-03-15,4,28,31,34,48,49,6
12031,2012-03-17,4,6,13,18,23,45,15
12032,2012-03-20,11,13,18,29,44,46,37
12033,2012-03-22,2,35,38,47,48,49,41
12034,2012-03-24,3,23,32,35,43,49,34
12035,2012-03-27,2,7,17,25,30,43,38
12036,2012-03-29,10,16,21,28,29,31,8
12037,2012-03-31,11,19,30,33,37,44,18
12038,2012-04-03,20,21,28,44,46,47,42
12039,2012-04-05,13,15,17,18,41,45,14
12040,2012-04-07,3,14,22,24,34,49,44
12041,2012-04-10,4,11,16,26,42,47,6
12042,2012-04-12,2,11,16,17,25,28,41
12043,2012-04-14,3,15,19,20,32,40,25
12044,2012-04-17,6,7,17,19,35,46,4
12045,2012-04-19,5,12,13,20,37,41,23
12046,2012-04-22,1,3,11,21,41,42,2
12047,2012-04-24,1,17,28,29,31,34,45
12048,2012-04-26,7,10,11,17,22,30,14
12049,2012-04-28,11,17,19,20,29,32,38
12050,2012-05-01,5,17,19,26,32,33,22
12051,2012-05-03,2,20,28,46,47,49,3
12052,2012-05-05,4,11,17,29,39,49,8
12053,2012-05-08,4,9,10,17,33,34,35
12054,2012-05-10,13,17,23,32,34,46,41
12055,2012-05-13,16,21,30,34,39,45,4
12056,2012-05-15,5,14,16,22,23,33,32
12057,2012-05-17,1,10,15,21,27,37,40
12058,2012-05-20,3,17,23,26,41,47,33
12059,2012-05-22,1,8,22,26,32,37,41
12060,2012-05-24,2,5,8,29,40,47,34
12061,2012-05-26,9,10,20,22,38,49,7
12062,2012-05-29,8,18,20,22,31,37,46
12063,2012-05-31,4,9,24,31,39,47,38
12064,2012-06-02,9,14,19,20,43,47,37
12065,2012-06-05,10,21,26,34,35,43,37
12066,2012-06-07,4,17,20,29,39,48,9
12067,2012-06-10,8,15,18,37,39,44,6
12068,2012-06-12,7,14,16,25,30,36,32
12069,2012-06-16,2,4,6,7,13,29,9
12070,2012-06-19,10,13,26,40,42,48,24
12071,2012-06-21,2,5,8,13,17,35,28
12072,2012-06-23,9,14,17,34,40,48,39
12073,2012-06-26,6,19,26,28,37,49,47
12074,2012-06-28,3,6,14,19,27,36,24
12075,2012-06-30,10,13,28,32,37,41,1
12076,2012-07-03,6,10,12,14,31,38,20
12077,2012-07-05,2,3,11,24,26,27,44
12078,2012-07-07,1,4,5,22,44,46,37
12079,2012-07-10,4,7,13,28,36,49,3
12080,2012-07-12,2,13,33,39,40,44,43
12081,2012-07-14,2,6,16,24,41,46,27
12082,2012-07-17,8,11,17,24,30,49,3
12083,2012-07-19,9,20,30,34,35,46,29
12084,2012-07-21,7,19,23,30,34,45,13
12085,2012-07-24,10,11,15,22,23,45,31
12086,2012-07-26,9,11,13,22,24,44,32
12087,2012-07-28,18,25,38,40,44,45,5
12088,2012-07-31,2,10,16,23,35,47,1
12089,2012-08-02,9,11,12,22,28,49,7
12090,2012-08-04,8,15,20,41,42,49,12
12091,2012-08-07,2,9,13,40,44,46,10
12092,2012-08-09,10,13,20,22,42,46,48
12093,2012-08-11,5,11,12,31,41,42,16
12094,2012-08-14,2,13,16,34,37,47,28
12095,2012-08-16,5,6,13,19,23,34,8
12096,2012-08-18,7,10,22,32,34,48,45
12097,2012-08-21,1,7,12,17,36,38,48
12098,2012-08-23,13,15,25,28,45,47,5
12099,2012-08-25,3,7,21,22,38,47,27
12100,2012-08-28,7,17,24,29,47,49,45
12101,2012-08-30,7,11,15,21,26,34,38
12102,2012-09-01,9,12,15,19,21,47,38
12103,2012-09-04,20,24,34,36,43,45,3
12104,2012-09-06,6,13,33,38,41,43,29
12105,2012-09-09,4,7,12,15,27,34,37
12106,2012-09-11,4,11,25,27,39,41,43
12107,2012-09-13,16,20,22,31,42,48,43
12108,2012-09-15,6,7,18,21,27,48,42
12109,2012-09-18,15,26,27,38,42,43,39
12110,2012-09-22,2,13,33,35,38,49,40
12111,2012-09-25,1,4,17,20,28,32,47
12112,2012-09-27,1,3,10,15,17,40,28
12113,2012-09-29,2,8,16,17,20,26,32
12114,2012-10-02,12,24,25,33,37,44,13
12115,2012-10-07,1,10,12,13,29,47,9
12116,2012-10-09,15,17,21,22,27,36,16
12117,2012-10-11,1,3,11,18,40,46,35
12118,2012-10-13,5,6,11,26,33,41,4
12119,2012-10-16,9,17,27,35,39,44,40
12120,2012-10-18,4,6,10,14,16,29,26
12121,2012-10-20,4,19,31,34,37,44,6
12122,2012-10-23,11,28,29,41,45,47,21
12123,2012-10-25,8,17,23,40,41,43,28
12124,2012-10-27,26,28,30,34,36,39,1
12125,2012-10-30,1,20,28,30,34,40,19
12126,2012-11-01,15,18,24,28,34,42,2
12127,2012-11-03,1,12,33,36,46,48,41
12128,2012-11-06,1,6,8,28,37,39,42
12129,2012-11-08,15,26,31,37,44,47,43
12130,2012-11-11,9,26,28,35,45,47,25
12131,2012-11-13,3,5,25,26,29,30,31
12132,2012-11-15,18,20,36,41,46,48,21
12133,2012-11-17,7,12,24,39,43,48,30
12134,2012-11-20,2,11,20,37,45,47,13
12135,2012-11-22,9,22,26,30,44,49,31
12136,2012-11-24,2,3,4,15,23,40,13
12137,2012-11-27,8,20,21,24,34,47,10
12138,2012-11-29,13,17,26,28,32,34,6
12139,2012-12-01,10,16,17,27,36,38,47
12140,2012-12-04,7,10,11,18,37,47,4
12141,2012-12-06,1,6,38,41,43,45,48
12142,2012-12-08,15,22,30,33,34,47,38
12143,2012-12-11,2,15,28,41,42,49,24
12144,2012-12-13,6,9,29,31,42,47,14
12145,2012-12-15,18,21,28,33,41,47,48
12146,2012-12-18,8,14,21,41,45,48,34
12147,2012-12-20,4,12,25,34,36,40,49
12148,2012-12-23,9,27,28,32,34,43,2
12149,2012-12-25,12,18,23,24,46,49,14
12150,2012-12-27,4,7,29,39,44,47,23
12151,2012-12-29,1,6,9,11,33,39,40
12152,2012-12-31,5,6,25,30,32,48,45
13001,2013-01-03,17,25,32,33,46,48,39
13002,2013-01-08,14,19,20,21,29,49,7
13003,2013-01-10,2,9,24,34,41,45,48
13004,2013-01-13,3,6,19,21,31,49,7
13005,2013-01-15,3,4,7,24,27,31,13
13006,2013-01-17,2,8,14,25,43,44,11
13007,2013-01-19,3,12,19,21,31,48,26
13008,2013-01-22,2,4,20,22,30,37,1
13009,2013-01-24,1,2,3,9,20,49,24
13010,2013-01-26,2,29,41,42,45,48,5
13011,2013-01-29,8,20,26,36,44,47,28
13012,2013-01-31,16,22,27,35,38,46,32
13013,2013-02-03,2,17,23,39,47,48,22
13014,2013-02-05,5,19,31,32,34,45,13
13015,2013-02-07,3,8,12,18,22,33,37
13016,2013-02-09,4,8,10,35,46,47,32
13017,2013-02-14,11,16,24,27,36,48,47
13018,2013-02-16,3,12,30,35,37,38,18
13019,2013-02-19,5,18,19,32,40,44,34
13020,2013-02-21,11,14,21,22,32,49,7
13021,2013-02-23,12,19,23,30,35,36,15
13022,2013-02-26,1,4,15,16,18,36,21
13023,2013-02-28,10,11,23,26,28,30,17
13024,2013-03-03,7,8,26,31,35,39,37
13025,2013-03-05,4,6,8,35,36,43,5
13026,2013-03-07,8,9,24,35,39,41,2
13027,2013-03-09,9,18,24,34,40,43,28
13028,2013-03-12,13,15,17,30,38,45,4
13029,2013-03-14,3,4,15,16,17,46,12
13030,2013-03-16,6,9,31,41,45,47,18
13031,2013-03-19,3,12,15,28,29,34,8
13032,2013-03-21,1,4,13,22,39,42,34
13033,2013-03-23,6,9,17,25,33,42,27
13034,2013-03-26,10,15,26,35,40,44,11
13035,2013-03-28,12,17,31,38,44,45,43
13036,2013-03-30,4,6,19,25,34,43,17
13037,2013-04-02,2,4,9,31,33,46,5
13038,2013-04-04,2,7,11,15,17,27,4
13039,2013-04-06,10,12,16,29,41,48,25
13040,2013-04-09,2,3,25,28,35,43,39
13041,2013-04-11,11,18,20,24,29,49,2
13042,2013-04-13,8,16,29,40,46,47,18
13043,2013-04-16,11,15,21,27,38,43,48
13044,2013-04-18,4,5,14,17,22,39,9
13045,2013-04-21,9,10,15,33,40,49,48
13046,2013-04-23,7,20,23,29,35,41,6
13047,2013-04-25,14,15,17,22,38,48,19
13048,2013-04-27,4,7,16,23,26,28,9
13049,2013-04-30,4,18,24,30,31,49,36
13050,2013-05-02,1,5,28,31,44,46,14
13051,2013-05-04,1,10,29,40,44,49,33
13052,2013-05-07,5,9,14,24,29,37,36
13053,2013-05-09,12,14,15,16,22,34,13
13054,2013-05-12,1,6,11,16,20,25,22
13055,2013-05-14,2,11,16,19,44,47,27
13056,2013-05-16,7,18,27,32,42,48,17
13057,2013-05-19,4,14,24,30,43,48,34
13058,2013-05-21,11,12,16,18,23,31,36
13059,2013-05-23,12,24,27,45,47,49,6
13060,2013-05-25,3,8,10,25,26,40,38
13061,2013-05-28,1,4,5,6,9,25,27
13062,2013-05-30,15,17,22,27,36,46,23
13063,2013-06-01,1,23,27,36,45,49,7
13064,2013-06-04,9,17,26,36,40,48,2
13065,2013-06-06,10,16,20,28,32,48,30
13066,2013-06-09,15,18,22,24,42,44,28
13067,2013-06-11,1,14,21,35,39,40,5
13068,2013-06-13,3,11,26,32,35,43,1
13069,2013-06-15,9,14,27,29,42,45,44
13070,2013-06-18,9,22,23,31,45,47,39
13071,2013-06-20,11,14,16,29,31,46,30
13072,2013-06-22,23,25,34,40,42,46,39
13073,2013-06-25,17,20,29,35,38,40,22
13074,2013-06-27,16,34,37,42,47,48,17
13075,2013-06-29,1,3,4,26,34,37,14
13076,2013-07-02,7,19,28,33,43,45,13
13077,2013-07-06,6,9,27,29,43,47,17
13078,2013-07-09,1,4,15,38,40,46,49
13079,2013-07-11,14,26,28,38,39,45,8
13080,2013-07-13,7,14,18,23,32,46,42
13081,2013-07-16,3,18,19,20,37,47,25
13082,2013-07-18,14,18,28,32,36,46,44
13083,2013-07-21,3,17,20,26,33,47,34
13084,2013-07-23,6,8,17,22,28,32,20
13085,2013-07-25,20,23,27,32,34,49,30
13086,2013-07-27,1,3,7,22,28,36,21
13087,2013-07-30,8,12,31,33,42,44,49
13088,2013-08-01,6,8,10,19,20,22,42
13089,2013-08-03,5,6,12,23,38,39,48
13090,2013-08-06,4,11,15,19,32,44,42
13091,2013-08-08,13,15,23,25,26,29,9
13092,2013-08-10,3,10,20,30,41,44,31
13093,2013-08-13,1,6,31,41,42,49,44
13094,2013-08-15,10,16,22,26,31,42,23
13095,2013-08-17,9,14,30,31,32,49,1
13096,2013-08-20,13,14,15,31,46,48,36
13097,2013-08-22,1,16,25,33,41,49,46
13098,2013-08-24,3,6,10,14,15,20,33
13099,2013-08-27,9,14,29,30,32,36,20
13100,2013-08-29,24,25,28,35,38,47,16
13101,2013-08-31,3,6,17,18,42,43,36
13102,2013-09-03,21,25,26,33,35,39,17
13103,2013-09-05,1,7,22,28,29,49,37
13104,2013-09-07,7,10,17,18,28,30,6
13105,2013-09-10,8,12,19,39,48,49,17
13106,2013-09-12,1,14,26,28,31,48,36
13107,2013-09-14,6,21,29,39,40,47,33
13108,2013-09-16,17,22,31,39,45,47,49
13109,2013-09-19,3,15,18,26,45,49,41
13110,2013-09-21,22,25,35,36,39,47,31
13111,2013-09-24,13,25,26,29,30,39,19
13112,2013-09-26,3,6,7,9,11,28,34
13113,2013-09-28,33,39,40,43,48,49,34
13114,2013-09-30,1,11,29,40,43,44,4
13115,2013-10-03,14,17,26,32,35,41,15
13116,2013-10-05,4,6,9,29,31,36,20
13117,2013-10-08,1,3,6,7,15,27,30
13118,2013-10-10,8,9,11,16,17,38,20
13119,2013-10-13,24,28,35,37,42,48,38
13120,2013-10-15,4,20,27,33,41,46,12
13121,2013-10-17,1,11,24,35,44,45,49
13122,2013-10-19,1,10,31,41,44,47,18
13123,2013-10-22,5,9,34,36,41,49,26
13124,2013-10-24,9,10,22,24,43,44,30
13125,2013-10-26,6,15,30,38,47,48,40
13126,2013-10-29,1,20,22,25,34,47,17
13127,2013-10-31,2,9,29,43,46,47,21
13128,2013-11-02,8,18,19,29,31,34,36
13129,2013-11-05,4,22,25,37,38,42,20
13130,2013-11-07,4,9,14,26,30,42,21
13131,2013-11-10,13,31,32,35,39,42,16
13132,2013-11-12,18,19,21,28,47,49,46
13133,2013-11-14,3,8,10,25,29,34,32
13134,2013-11-16,1,8,17,32,39,43,48
13135,2013-11-19,12,27,35,44,47,49,36
13136,2013-11-21,3,6,8,23,25,49,4
13137,2013-11-23,3,18,20,21,30,41,13
13138,2013-11-26,9,10,12,31,34,44,18
13139,2013-11-28,3,6,21,33,34,43,9
13140,2013-11-30,2,15,19,34,42,45,14
13141,2013-12-03,1,17,24,29,39,40,21
13142,2013-12-05,1,16,17,19,26,46,29
13143,2013-12-07,5,18,24,26,41,44,20
13144,2013-12-10,1,8,17,30,36,46,16
13145,2013-12-12,10,19,24,28,31,34,27
13146,2013-12-14,6,14,15,38,46,49,29
13147,2013-12-17,1,8,15,19,20,33,47
13148,2013-12-19,4,14,31,39,43,47,27
13149,2013-12-22,12,13,18,41,43,49,39
13150,2013-12-25,4,21,25,45,47,49,6
13151,2013-12-28,4,9,20,32,42,43,5
13152,2013-12-31,7,9,12,40,42,44,14
14001,2014-01-02,1,36,38,43,46,49,21
14002,2014-01-04,6,16,31,32,44,49,43
14003,2014-01-07,9,16,30,31,38,41,46
14004,2014-01-09,4,15,16,28,39,45,25
14005,2014-01-12,3,16,36,39,42,44,17
14006,2014-01-14,9,11,27,31,33,34,21
14007,2014-01-16,9,15,16,17,18,37,33
14008,2014-01-18,3,17,18,26,28,44,38
14009,2014-01-21,8,20,23,34,37,49,44
14010,2014-01-23,4,5,18,21,27,31,7
14011,2014-01-25,5,20,37,38,43,48,6
14012,2014-01-28,4,20,27,30,31,37,18
14013,2014-01-30,2,3,4,16,26,36,45
14014,2014-02-04,11,13,15,39,48,49,37
14015,2014-02-06,26,27,32,33,37,45,39
14016,2014-02-09,20,21,35,37,47,48,14
14017,2014-02-11,7,10,24,25,27,29,19
14018,2014-02-13,19,23,25,40,46,49,30
14019,2014-02-15,2,14,30,32,36,45,11
14020,2014-02-18,15,21,23,25,34,45,35
14021,2014-02-20,3,5,24,26,31,40,45
14022,2014-02-22,2,23,24,29,33,35,14
14023,2014-02-25,8,26,39,40,41,43,5
14024,2014-02-27,5,9,15,24,28,35,44
14025,2014-03-02,11,16,19,21,38,46,34
14026,2014-03-04,3,13,16,19,27,33,22
14027,2014-03-06,6,10,20,27,39,46,38
14028,2014-03-08,2,3,16,17,24,32,40
14029,2014-03-11,4,6,15,28,30,33,27
14030,2014-03-13,7,10,17,19,20,22,30
14031,2014-03-15,2,15,21,24,29,46,27
14032,2014-03-18,2,17,23,35,42,48,27
14033,2014-03-20,1,9,18,25,37,48,14
14034,2014-03-22,11,20,21,26,34,49,4
14035,2014-03-25,22,28,35,36,44,45,6
14036,2014-03-27,7,23,35,42,45,49,36
14037,2014-03-29,2,10,12,18,24,33,11
14038,2014-04-01,22,33,36,43,48,49,25
14039,2014-04-03,4,9,25,26,27,28,3
14040,2014-04-05,10,19,38,39,44,45,31
14041,2014-04-08,11,24,31,45,46,47,6
14042,2014-04-10,4,18,21,31,42,49,25
14043,2014-04-12,6,18,20,28,43,45,13
14044,2014-04-15,6,14,16,28,41,45,27
14045,2014-04-17,12,14,17,23,24,45,42
14046,2014-04-19,20,21,32,35,46,47,3
14047,2014-04-22,1,3,12,29,36,41,14
14048,2014-04-24,1,17,28,32,39,40,16
14049,2014-04-26,9,12,22,27,36,47,46
14050,2014-04-29,2,8,15,26,37,45,14
14051,2014-05-01,1,14,28,29,37,43,30
14052,2014-05-03,2,6,13,16,30,36,25
14053,2014-05-06,10,23,33,36,39,44,30
14054,2014-05-08,2,10,12,30,37,39,48
14055,2014-05-11,11,16,26,38,45,49,5
14056,2014-05-13,9,20,22,32,35,41,8
14057,2014-05-15,9,12,16,24,34,35,7
14058,2014-05-18,9,12,21,27,37,45,7
14059,2014-05-20,10,16,33,34,44,47,6
14060,2014-05-22,9,17,28,31,35,37,19
14061,2014-05-24,2,4,14,30,39,41,49
14062,2014-05-27,3,10,16,30,34,44,1
14063,2014-05-29,4,14,19,24,26,48,35
14064,2014-05-31,2,10,28,32,37,47,31
14065,2014-06-02,3,13,19,20,36,39,15
14066,2014-06-04,10,11,25,33,40,46,6
14067,2014-06-07,4,8,13,19,44,48,27
14068,2014-06-10,1,30,32,35,37,44,40
14069,2014-06-12,3,18,21,41,44,45,15
14070,2014-06-17,3,4,15,16,23,45,21
14071,2014-06-19,3,17,24,30,31,44,7
14072,2014-06-21,2,17,37,40,45,49,48
14073,2014-06-24,18,24,25,30,31,35,36
14074,2014-06-26,2,20,40,42,47,48,28
14075,2014-06-29,15,23,26,38,46,47,21
14076,2014-07-03,14,17,34,37,43,48,20
14077,2014-07-05,10,14,32,36,37,38,47
14078,2014-07-08,4,16,22,27,38,39,36
14079,2014-07-10,1,2,9,17,22,25,8
14080,2014-07-12,3,11,13,23,40,49,43
14081,2014-07-15,2,5,9,32,41,42,44
14082,2014-07-17,1,20,28,30,42,43,10
14083,2014-07-19,1,9,30,40,41,48,49
14084,2014-07-22,1,3,14,16,24,41,13
14085,2014-07-24,4,5,21,31,36,38,14
14086,2014-07-26,1,4,15,17,36,42,40
14087,2014-07-29,11,13,15,31,37,47,19
14088,2014-07-31,12,22,27,35,44,48,38
14089,2014-08-02,3,22,23,26,42,48,28
14090,2014-08-05,5,7,8,18,24,29,14
14091,2014-08-07,5,14,31,32,36,46,11
14092,2014-08-09,1,9,15,31,33,41,37
14093,2014-08-12,7,9,27,31,36,39,32
14094,2014-08-14,4,8,14,23,48,49,11
14095,2014-08-16,23,26,27,37,42,46,15
14096,2014-08-19,2,5,27,32,42,46,16
14097,2014-08-21,10,14,26,29,30,31,18
14098,2014-08-23,4,12,14,24,32,38,13
14099,2014-08-26,25,29,32,33,37,44,47
14100,2014-08-28,11,17,24,27,31,38,49
14101,2014-08-30,15,18,24,27,39,49,6
14102,2014-09-02,26,28,37,43,45,47,25
14103,2014-09-04,11,14,34,36,43,46,1
14104,2014-09-09,7,25,27,36,39,42,31
14105,2014-09-13,3,12,40,43,48,49,32
14106,2014-09-16,4,15,17,22,34,43,35
14107,2014-09-18,6,16,20,25,27,45,29
14108,2014-09-20,3,16,32,38,40,48,27
14109,2014-09-23,12,13,20,28,41,43,23
14110,2014-09-25,3,19,42,44,48,49,38
14111,2014-09-28,6,10,12,26,28,35,24
14112,2014-09-30,10,16,20,39,45,46,47
14113,2014-10-02,4,10,24,29,33,35,7
14114,2014-10-04,5,14,22,24,27,45,8
14115,2014-10-07,12,13,26,33,42,49,48
14116,2014-10-09,2,12,14,23,40,46,39
14117,2014-10-11,26,29,34,35,37,47,8
14118,2014-10-14,1,5,8,17,20,37,33
14119,2014-10-16,4,9,34,39,48,49,18
14120,2014-10-18,12,19,22,36,40,47,25
14121,2014-10-21,6,9,17,18,29,34,42
14122,2014-10-23,11,14,28,29,37,41,19
14123,2014-10-25,1,13,39,40,41,43,18
14124,2014-10-28,16,26,30,37,43,47,31
14125,2014-10-30,3,19,29,36,47,49,33
14126,2014-11-01,9,10,11,20,26,44,31
14127,2014-11-04,16,23,29,30,37,38,33
14128,2014-11-06,4,10,12,14,29,48,3
14129,2014-11-08,7,8,15,32,34,39,43
14130,2014-11-11,3,5,9,19,48,49,26
14131,2014-11-13,21,36,41,42,46,49,6
14132,2014-11-16,7,15,32,33,34,43,10
14133,2014-11-18,2,6,17,24,37,49,46
14134,2014-11-20,8,16,19,33,35,46,12
14135,2014-11-22,2,12,17,27,32,33,44
14136,2014-11-25,6,35,41,42,44,47,19
14137,2014-11-27,2,20,22,30,40,45,44
14138,2014-11-29,7,26,29,32,33,37,31
14139,2014-12-02,1,4,13,27,47,49,33
14140,2014-12-04,1,8,20,27,33,36,35
14141,2014-12-06,17,18,21,25,40,48,16
14142,2014-12-09,3,4,13,29,31,41,46
14143,2014-12-11,1,7,13,32,35,39,31
14144,2014-12-13,12,14,17,20,40,48,19
14145,2014-12-16,1,7,14,31,34,42,16
14146,2014-12-18,6,8,10,21,25,29,33
14147,2014-12-21,2,25,30,36,37,43,22
14148,2014-12-23,1,4,12,14,35,47,33
14149,2014-12-25,12,19,24,43,46,47,30
14150,2014-12-27,14,15,28,31,32,48,40
14151,2014-12-29,1,25,30,33,39,40,7
14152,2014-12-31,10,19,25,32,33,37,27
15001,2015-01-03,8,15,31,35,42,44,39
15002,2015-01-06,3,14,16,18,38,49,29
15003,2015-01-08,8,18,19,28,37,44,13
15004,2015-01-11,10,21,24,33,40,47,5
15005,2015-01-13,16,21,27,37,40,43,14
15006,2015-01-15,1,2,14,37,43,49,24
15007,2015-01-17,14,15,16,25,27,30,11
15008,2015-01-20,5,7,9,13,15,29,47
15009,2015-01-22,8,16,21,30,42,46,32
15010,2015-01-24,17,18,20,26,31,32,6
15011,2015-01-27,4,5,10,13,28,35,12
15012,2015-01-29,6,15,25,29,32,46,9
15013,2015-01-31,5,7,14,17,46,47,27
15014,2015-02-03,11,34,36,43,47,49,21
15015,2015-02-05,13,16,17,18,22,45,10
15016,2015-02-08,5,7,17,18,27,48,30
15017,2015-02-10,2,17,23,30,34,41,14
15018,2015-02-12,7,9,10,14,22,31,35
15019,2015-02-14,2,10,12,21,25,35,26
15020,2015-02-17,14,22,28,33,44,46,25
15021,2015-02-22,15,20,28,29,42,46,35
15022,2015-02-24,17,18,28,32,33,48,37
15023,2015-02-26,10,12,20,22,25,33,27
15024,2015-02-28,6,9,23,25,41,43,38
15025,2015-03-03,13,17,25,27,46,49,19
15026,2015-03-05,2,6,10,20,38,40,46
15027,2015-03-07,6,8,12,16,32,49,37
15028,2015-03-10,1,18,22,27,45,48,25
15029,2015-03-12,14,17,23,24,25,37,34
15030,2015-03-14,4,21,25,29,32,37,27
15031,2015-03-17,1,5,11,23,34,47,14
15032,2015-03-19,12,15,17,30,31,43,46
15033,2015-03-22,7,26,30,33,34,38,5
15034,2015-03-24,2,5,13,37,42,44,27
15035,2015-03-26,2,6,9,16,39,49,29
15036,2015-03-28,6,11,16,29,30,37,34
15037,2015-03-31,2,5,10,27,36,46,7
15038,2015-04-02,4,12,20,37,42,47,35
15039,2015-04-04,9,12,26,29,44,45,19
15040,2015-04-06,21,24,26,42,43,46,4
15041,2015-04-09,10,11,31,34,37,38,14
15042,2015-04-11,6,17,18,19,20,42,25
15043,2015-04-14,30,31,35,40,42,48,6
15044,2015-04-16,1,3,5,20,35,39,28
15045,2015-04-18,12,17,29,31,41,47,38
15046,2015-04-21,3,13,20,24,43,48,49
15047,2015-04-23,3,4,7,8,26,36,31
15048,2015-04-25,12,19,21,24,36,49,23
15049,2015-04-28,1,8,28,31,36,45,9
15050,2015-04-30,6,8,30,34,36,42,12
15051,2015-05-02,7,10,12,16,26,49,40
15052,2015-05-05,11,13,41,42,43,49,29
15053,2015-05-07,3,7,14,21,25,29,6
15054,2015-05-10,2,13,15,38,39,44,8
15055,2015-05-12,3,7,15,25,26,47,10
15056,2015-05-14,5,17,22,34,38,48,2
15057,2015-05-17,21,32,36,37,44,46,47
15058,2015-05-19,21,27,28,33,37,48,13
15059,2015-05-21,16,18,19,36,42,47,46
15060,2015-05-23,5,10,13,43,44,45,7
15061,2015-05-26,7,10,15,37,42,45,41
15062,2015-05-28,2,7,20,23,44,47,30
15063,2015-05-30,9,16,28,36,42,45,2
15064,2015-06-02,11,12,15,21,38,42,25
15065,2015-06-04,18,24,28,31,39,49,44
15066,2015-06-06,9,11,14,22,27,49,44
15067,2015-06-09,7,12,16,17,20,25,31
15068,2015-06-11,10,13,35,38,42,44,27
15069,2015-06-13,10,12,24,25,26,33,23
15070,2015-06-16,13,16,24,26,40,44,42
15071,2015-06-18,4,11,12,24,35,46,3
15072,2015-06-20,12,16,31,34,42,48,37
15073,2015-06-23,3,10,26,33,42,46,44
15074,2015-06-25,1,5,26,28,40,49,15
15075,2015-06-28,8,9,18,33,41,43,15
15076,2015-06-30,12,14,21,27,38,43,15
15077,2015-07-02,4,11,23,32,44,48,49
15078,2015-07-04,9,24,32,34,43,47,35
15079,2015-07-07,9,19,28,29,38,40,33
15080,2015-07-11,2,5,17,22,27,28,37
15081,2015-07-14,7,8,10,13,20,38,5
15082,2015-07-16,16,18,22,23,35,38,25
15083,2015-07-18,13,20,23,24,46,47,39
15084,2015-07-21,4,14,15,19,41,42,10
15085,2015-07-23,10,33,40,43,45,49,38
15086,2015-07-26,4,11,15,26,28,30,13
15087,2015-07-28,12,25,32,33,34,35,45
15088,2015-07-30,4,5,11,17,24,48,46
15089,2015-08-01,14,20,28,31,32,47,18
15090,2015-08-04,5,9,13,15,21,23,12
15091,2015-08-06,22,23,35,40,41,42,16
15092,2015-08-08,10,12,19,25,42,46,37
15093,2015-08-11,22,26,27,28,36,47,12
15094,2015-08-13,1,4,8,21,22,24,46
15095,2015-08-15,2,6,13,25,30,33,20
15096,2015-08-18,7,17,34,41,43,49,1
15097,2015-08-20,4,5,18,23,32,44,6
15098,2015-08-22,2,26,31,32,36,37,12
15099,2015-08-25,3,15,16,39,41,42,36
15100,2015-08-27,9,13,29,30,39,45,48
15101,2015-08-29,9,22,28,32,37,39,47
15102,2015-09-01,5,6,8,10,31,36,17
15103,2015-09-03,12,16,34,36,42,45,41
15104,2015-09-05,15,16,20,26,36,40,46
15105,2015-09-08,1,4,13,22,32,41,26
15106,2015-09-10,1,11,13,23,35,36,34
15107,2015-09-12,5,13,21,25,38,40,17
15108,2015-09-15,3,5,17,22,25,27,46
15109,2015-09-17,1,4,9,17,35,41,37
15110,2015-09-22,2,11,12,25,36,43,10
15111,2015-09-24,4,10,15,16,24,28,49
15112,2015-09-26,6,15,16,18,37,43,2
15113,2015-09-30,9,10,23,28,37,46,34
15114,2015-10-03,8,10,16,30,39,40,6
15115,2015-10-06,2,7,9,22,32,46,26
15116,2015-10-08,8,17,28,34,39,40,14
15117,2015-10-11,4,21,22,35,36,46,40
15118,2015-10-13,1,4,22,30,33,34,26
15119,2015-10-15,17,18,26,30,33,34,29
15120,2015-10-17,2,12,19,33,34,48,24
15121,2015-10-19,7,11,15,38,39,46,25
15122,2015-10-21,1,14,16,25,40,48,17
15123,2015-10-24,18,27,28,34,35,45,2
15124,2015-10-27,20,22,31,33,39,44,10
15125,2015-10-29,4,5,6,22,31,46,47
15126,2015-10-31,4,10,28,37,42,48,8
15127,2015-11-03,7,12,13,25,34,38,15
15128,2015-11-05,5,10,11,25,27,44,7
15129,2015-11-07,6,16,27,34,44,48,1
15130,2015-11-10,4,14,28,42,43,47,3
15131,2015-11-12,10,20,24,28,33,45,19
15132,2015-11-15,13,15,24,28,41,45,20
15133,2015-11-17,12,13,31,33,35,47,21
15134,2015-11-19,13,15,25,40,41,48,19
15135,2015-11-22,9,20,30,33,38,39,37
15136,2015-11-24,17,21,22,36,41,44,38
15137,2015-11-26,10,17,25,26,39,44,7
15138,2015-11-28,15,21,24,25,28,31,48
15139,2015-12-01,8,9,10,22,33,40,28
15140,2015-12-03,4,11,14,41,42,44,10
15141,2015-12-05,6,16,19,34,35,46,9
15142,2015-12-08,9,10,25,40,48,49,32
15143,2015-12-10,9,24,29,32,34,47,42
15144,2015-12-12,16,18,27,35,42,44,33
15145,2015-12-15,18,22,40,41,48,49,42
15146,2015-12-17,18,20,24,36,44,45,39
15147,2015-12-20,6,11,16,20,43,45,21
15148,2015-12-22,11,28,36,38,44,48,26
15149,2015-12-24,12,18,20,28,33,47,25
15150,2015-12-26,1,8,33,37,42,47,7
15151,2015-12-29,3,5,20,30,33,38,28
15152,2015-12-31,2,11,12,22,24,25,3
16001,2016-01-02,6,8,11,32,34,41,47
16002,2016-01-05,2,5,7,18,30,45,11
16003,2016-01-07,6,9,11,29,43,47,8
16004,2016-01-10,4,8,15,18,30,45,38
16005,2016-01-12,8,13,15,35,44,45,47
16006,2016-01-14,1,2,10,23,32,49,26
16007,2016-01-16,1,2,6,37,40,43,24
16008,2016-01-19,8,18,20,25,30,39,13
16009,2016-01-21,2,12,33,40,45,47,9
16010,2016-01-23,7,8,12,14,23,32,5
16011,2016-01-26,5,9,22,26,27,40,13
16012,2016-01-28,8,20,30,34,42,48,36
16013,2016-01-30,1,5,29,32,39,44,4
16014,2016-02-02,18,28,30,33,34,36,2
16015,2016-02-04,7,13,15,35,38,45,32
16016,2016-02-07,11,13,15,19,21,29,41
16017,2016-02-11,3,4,17,30,35,47,10
16018,2016-02-13,8,14,24,29,36,43,31
16019,2016-02-16,18,21,22,34,42,43,24
16020,2016-02-18,13,20,38,39,41,45,46
16021,2016-02-20,12,20,39,44,47,49,45
16022,2016-02-23,9,15,24,27,44,45,47
16023,2016-02-25,3,6,22,24,45,47,7
16024,2016-02-27,6,9,11,20,27,44,42
16025,2016-03-01,11,16,19,21,30,33,31
16026,2016-03-03,1,2,5,7,16,45,33
16027,2016-03-05,17,26,29,32,48,49,40
16028,2016-03-08,3,4,16,30,34,39,14
16029,2016-03-10,9,14,24,30,33,48,43
16030,2016-03-12,3,23,33,36,41,49,2
16031,2016-03-15,1,6,19,26,28,41,39
16032,2016-03-17,3,8,15,16,17,38,35
16033,2016-03-19,23,25,35,39,42,43,14
16034,2016-03-22,5,10,18,24,27,49,39
16035,2016-03-24,16,18,21,25,35,46,13
16036,2016-03-26,17,24,38,44,46,47,27
16037,2016-03-29,9,12,13,22,30,31,28
16038,2016-04-02,4,6,29,34,36,45,47
16039,2016-04-05,4,10,21,30,35,43,7
16040,2016-04-07,8,21,25,32,34,45,31
16041,2016-04-09,3,6,13,38,43,44,31
16042,2016-04-12,21,25,28,33,46,48,10
16043,2016-04-14,14,21,25,27,44,46,3
16044,2016-04-17,16,24,28,35,45,46,38
16045,2016-04-19,5,8,30,34,45,48,3
16046,2016-04-21,3,5,14,15,39,41,21
16047,2016-04-23,2,10,16,35,46,47,49
16048,2016-04-26,1,3,25,27,28,45,12
16049,2016-04-30,11,20,28,29,44,49,40
16050,2016-05-05,6,7,12,15,27,36,29
16051,2016-05-10,20,26,28,32,40,45,43
16052,2016-05-12,4,12,19,20,27,49,21
16053,2016-05-15,2,11,25,28,36,46,42
16054,2016-05-17,1,19,23,24,32,40,35
16055,2016-05-19,2,8,20,24,37,39,18
16056,2016-05-21,6,13,23,25,44,48,11
16057,2016-05-24,14,18,33,34,35,46,42
16058,2016-05-26,9,15,36,38,46,48,22
16059,2016-05-28,21,23,32,33,36,42,20
16060,2016-05-31,21,24,36,38,39,44,49
16061,2016-06-02,3,4,19,24,26,34,38
16062,2016-06-04,8,16,21,32,38,48,11
16063,2016-06-06,2,5,8,12,20,49,47
16064,2016-06-08,4,13,34,36,42,48,19
16065,2016-06-11,10,14,23,29,40,42,11
16066,2016-06-14,13,15,30,36,44,49,37
16067,2016-06-16,19,22,27,29,45,48,4
16068,2016-06-18,4,5,8,12,34,37,24
16069,2016-06-21,9,10,20,21,38,39,49
16070,2016-06-23,6,9,21,35,48,49,29
16071,2016-06-25,10,15,22,38,42,43,18
16072,2016-06-28,7,13,23,30,32,48,36
16073,2016-06-30,2,5,6,7,16,29,35
16074,2016-07-02,2,8,16,32,33,37,5
16075,2016-07-05,1,6,13,17,34,44,38
16076,2016-07-07,13,14,21,31,38,44,22
16077,2016-07-09,7,19,20,28,30,31,29
16078,2016-07-12,12,20,31,32,35,45,18
16079,2016-07-14,16,21,30,36,38,47,48
16080,2016-07-16,1,2,7,16,24,34,36
16081,2016-07-19,7,21,27,33,46,47,4
16082,2016-07-22,10,11,22,41,44,46,35
16083,2016-07-24,11,18,26,31,39,44,24
16084,2016-07-26,3,14,17,21,28,49,12
16085,2016-07-28,12,20,24,35,39,47,15
16086,2016-07-30,9,21,29,33,35,48,28
16087,2016-08-02,7,11,12,19,21,39,49
16088,2016-08-04,10,16,34,41,45,47,7
16089,2016-08-06,2,17,23,32,36,40,3
16090,2016-08-09,5,9,13,22,34,39,40
16091,2016-08-11,10,11,19,23,30,38,13
16092,2016-08-13,3,4,11,23,44,47,24
16093,2016-08-16,5,12,14,20,27,46,26
16094,2016-08-18,3,17,20,22,45,46,30
16095,2016-08-20,2,3,15,28,46,48,33
16096,2016-08-23,14,16,24,25,43,44,3
16097,2016-08-25,4,20,34,35,40,47,3
16098,2016-08-27,3,6,13,24,37,43,30
16099,2016-08-30,14,20,21,31,34,42,25
16100,2016-09-01,8,11,13,30,34,49,2
16101,2016-09-04,8,25,26,28,38,43,22
16102,2016-09-06,11,15,33,41,43,48,27
16103,2016-09-08,3,4,5,26,45,48,14
16104,2016-09-10,7,16,32,37,38,46,22
16105,2016-09-13,1,13,19,21,38,49,23
16106,2016-09-15,24,25,34,35,44,49,30
16107,2016-09-17,3,18,21,25,31,42,26
16108,2016-09-20,4,16,19,27,41,44,25
16109,2016-09-22,5,30,38,43,44,47,14
16110,2016-09-24,1,17,20,34,43,44,42
16111,2016-09-27,12,16,19,23,28,32,27
16112,2016-09-29,14,20,28,33,41,48,40
16113,2016-10-02,7,8,21,22,34,46,6
16114,2016-10-04,2,6,10,28,38,40,30
16115,2016-10-06,5,11,13,19,33,48,34
16116,2016-10-09,12,26,28,36,45,49,9
16117,2016-10-11,16,19,24,28,36,42,13
16118,2016-10-13,2,9,16,27,32,40,46
16119,2016-10-15,7,12,18,27,28,40,10
16120,2016-10-18,8,27,28,30,38,41,12
16121,2016-10-20,2,4,7,15,28,45,19
16122,2016-10-22,3,12,13,20,33,43,35
16123,2016-10-25,7,8,12,17,22,29,14
16124,2016-10-27,8,16,17,34,35,44,41
16125,2016-10-29,22,26,32,38,43,47,42
16126,2016-11-01,1,2,21,31,33,36,8
16127,2016-11-03,6,14,18,22,30,38,47
16128,2016-11-05,9,12,31,39,42,46,48
16129,2016-11-08,3,5,6,11,34,42,28
16130,2016-11-10,3,17,38,39,46,49,37
16131,2016-11-13,2,16,27,29,34,41,42
16132,2016-11-15,10,15,17,18,27,40,26
16133,2016-11-17,5,18,26,28,30,45,33
16134,2016-11-19,2,6,23,24,37,42,32
16135,2016-11-22,12,13,16,18,38,40,5
16136,2016-11-24,3,9,24,31,38,49,41
16137,2016-11-26,1,2,3,4,7,10,33
16138,2016-11-29,4,11,18,22,24,49,25
16139,2016-12-01,9,15,18,21,24,37,16
16140,2016-12-03,8,13,23,30,47,48,7
16141,2016-12-06,3,7,17,29,32,49,11
16142,2016-12-08,9,24,26,28,37,39,29
16143,2016-12-10,7,22,32,33,34,39,45
16144,2016-12-13,7,14,26,31,38,44,37
16145,2016-12-15,15,19,20,32,33,34,23
16146,2016-12-18,3,10,21,26,28,38,29
16147,2016-12-20,5,28,32,34,37,48,39
16148,2016-12-23,4,14,16,25,32,35,47
16149,2016-12-25,3,4,10,26,37,43,41
16150,2016-12-29,2,11,13,15,17,21,26
16151,2016-12-31,8,9,12,15,17,28,33
17001,2017-01-03,4,11,22,29,37,46,18
17002,2017-01-05,5,14,20,21,36,49,39
17003,2017-01-07,7,10,14,29,45,46,19
17004,2017-01-10,2,7,14,26,38,39,12
17005,2017-01-12,18,25,27,30,40,43,6
17006,2017-01-15,1,6,22,37,44,48,35
17007,2017-01-17,26,27,28,36,42,47,33
17008,2017-01-19,1,2,13,23,35,43,18
17009,2017-01-21,8,27,28,37,38,49,33
17010,2017-01-24,2,5,23,27,36,43,20
17011,2017-01-26,13,24,28,29,31,44,10
17012,2017-01-28,8,15,25,30,34,40,42
17013,2017-02-01,13,14,18,23,29,35,45
17014,2017-02-04,7,14,25,28,33,40,26
17015,2017-02-07,6,11,22,25,32,33,24
17016,2017-02-09,3,12,13,19,24,45,40
17017,2017-02-12,7,21,26,30,38,47,15
17018,2017-02-14,14,16,21,28,43,46,26
17019,2017-02-16,5,8,23,34,41,44,7
17020,2017-02-18,5,8,12,17,20,37,45
17021,2017-02-21,1,7,13,29,32,44,20
17022,2017-02-23,13,15,16,32,34,46,10
17023,2017-02-25,4,12,19,20,25,26,8
17024,2017-02-28,15,20,24,34,42,44,7
17025,2017-03-02,6,13,31,42,43,45,34
17026,2017-03-04,10,18,22,23,29,32,45
17027,2017-03-07,2,14,18,19,40,43,42
17028,2017-03-09,17,19,25,35,41,44,26
17029,2017-03-11,1,4,20,27,32,39,15
17030,2017-03-14,2,32,33,35,36,44,48
17031,2017-03-16,1,2,11,19,40,48,4
17032,2017-03-18,2,13,17,23,30,46,8
17033,2017-03-21,8,12,20,25,37,46,2
17034,2017-03-23,5,14,17,33,41,47,16
17035,2017-03-25,9,10,23,30,38,48,16
17036,2017-03-28,2,9,21,35,36,40,44
17037,2017-03-30,18,19,21,30,38,48,7
17038,2017-04-01,7,17,20,34,36,44,23
17039,2017-04-04,3,9,19,33,40,41,26
17040,2017-04-06,4,21,24,39,45,46,40
17041,2017-04-08,2,11,14,20,27,30,19
17042,2017-04-11,14,17,22,29,30,31,38
17043,2017-04-13,4,10,25,26,38,49,34
17044,2017-04-15,1,4,5,29,33,44,39
17045,2017-04-18,4,10,11,18,29,38,28
17046,2017-04-22,1,9,11,23,29,34,6
17047,2017-04-25,1,21,22,45,46,49,14
17048,2017-04-27,16,17,21,42,48,49,37
17049,2017-04-29,5,8,14,22,31,48,33
17050,2017-05-02,1,20,22,27,31,41,2
17051,2017-05-04,4,17,21,32,36,46,27
17052,2017-05-06,1,3,9,13,34,35,27
17053,2017-05-09,6,22,23,31,36,45,12
17054,2017-05-11,9,16,22,38,40,46,11
17055,2017-05-14,1,7,12,18,27,33,20
17056,2017-05-16,1,5,7,9,10,15,3
17057,2017-05-18,7,11,20,28,41,49,32
17058,2017-05-20,2,3,17,34,38,48,14
17059,2017-05-23,7,13,17,23,29,46,49
17060,2017-05-25,23,26,27,39,40,48,7
17061,2017-05-27,5,7,18,22,33,43,27
17062,2017-05-30,14,18,27,32,37,38,1
17063,2017-06-01,4,18,23,28,36,45,33
17064,2017-06-03,11,15,24,25,33,40,42
17065,2017-06-06,8,24,26,30,47,49,35
17066,2017-06-08,8,11,15,23,24,29,6
17067,2017-06-10,1,13,18,23,30,44,42
17068,2017-06-13,21,23,27,34,46,49,44
17069,2017-06-15,1,2,5,12,18,19,44
17070,2017-06-17,9,34,39,42,46,49,32
17071,2017-06-20,15,18,20,25,35,45,34
17072,2017-06-22,18,20,21,27,31,49,45
17073,2017-06-24,3,28,30,32,37,42,11
17074,2017-06-27,12,24,30,40,44,48,8
17075,2017-06-29,11,16,26,27,29,37,19
17076,2017-07-02,4,9,27,33,39,42,35
17077,2017-07-04,2,5,15,26,27,38,18
17078,2017-07-06,2,6,7,8,10,30,28
17079,2017-07-08,3,8,11,21,36,48,37
17080,2017-07-11,1,11,20,22,43,45,35
17081,2017-07-13,4,5,25,27,29,41,18
17082,2017-07-15,29,34,35,42,43,48,26
17083,2017-07-18,6,14,32,33,40,46,10
17084,2017-07-20,5,9,12,25,26,34,21
17085,2017-07-22,4,6,27,36,47,49,3
17086,2017-07-25,8,9,15,33,37,47,1
17087,2017-07-27,3,4,31,37,42,44,40
17088,2017-07-30,11,15,25,30,37,43,17
17089,2017-08-01,10,25,26,32,36,37,46
17090,2017-08-03,6,18,22,24,35,40,36
17091,2017-08-05,14,25,32,35,39,48,31
17092,2017-08-08,8,10,25,28,33,37,7
17093,2017-08-10,18,22,25,32,33,42,29
17094,2017-08-12,3,4,15,25,38,45,28
17095,2017-08-15,3,4,7,19,20,23,27
17096,2017-08-17,5,21,24,29,43,44,42
17097,2017-08-19,2,23,32,34,43,45,22
17098,2017-08-22,4,23,24,33,40,43,15
17099,2017-08-24,4,7,10,21,28,47,17
17100,2017-08-26,16,34,35,36,40,46,31
17101,2017-08-29,12,24,26,34,44,48,4
17102,2017-08-31,12,17,18,25,33,37,29
17103,2017-09-02,1,5,11,23,24,27,15
17104,2017-09-05,1,2,8,30,39,43,19
17105,2017-09-07,10,19,27,29,41,46,17
17106,2017-09-09,4,7,18,23,29,39,49
17107,2017-09-12,21,23,30,38,44,49,37
17108,2017-09-14,25,26,34,41,42,49,1
17109,2017-09-17,3,12,16,23,36,47,33
17110,2017-09-19,7,11,12,30,34,36,17
17111,2017-09-21,1,3,4,5,32,39,10
17112,2017-09-23,1,13,22,25,30,36,4
17113,2017-09-26,2,10,19,27,31,33,16
17114,2017-09-28,7,18,24,26,39,45,44
17115,2017-09-30,2,11,19,20,33,49,6
17116,2017-10-02,1,8,19,22,35,46,30
17117,2017-10-04,10,16,22,23,26,46,25
17118,2017-10-07,3,6,24,38,45,48,5
17119,2017-10-10,6,17,22,26,32,45,24
17120,2017-10-12,1,6,8,11,12,16,41
17121,2017-10-17,2,4,19,30,35,47,25
17122,2017-10-19,8,12,19,24,28,49,37
17123,2017-10-21,8,16,18,30,43,45,27
17124,2017-10-24,1,8,9,16,29,42,49
17125,2017-10-26,4,5,20,29,35,38,36
17126,2017-10-28,7,16,18,22,26,44,9
17127,2017-10-31,21,26,29,35,45,49,41
17128,2017-11-02,5,18,20,32,36,40,7
17129,2017-11-04,23,30,32,33,43,44,28
17130,2017-11-07,3,18,19,35,38,40,48
17131,2017-11-09,3,32,36,46,48,49,29
17132,2017-11-12,12,16,22,28,36,37,45
17133,2017-11-14,1,15,20,28,33,43,18
17134,2017-11-16,3,8,20,34,40,46,24
17135,2017-11-18,19,24,26,30,36,41,43
17136,2017-11-21,8,27,30,35,36,43,31
17137,2017-11-23,3,4,30,37,39,42,32
17138,2017-11-25,5,13,16,28,40,41,2
17139,2017-11-28,6,8,9,23,36,40,19
17140,2017-11-30,4,10,32,35,38,47,49
17141,2017-12-02,7,14,19,27,28,38,46
17142,2017-12-05,7,9,14,18,20,44,29
17143,2017-12-07,1,25,34,37,39,47,18
17144,2017-12-09,22,24,29,35,38,48,30
17145,2017-12-12,4,15,29,34,38,48,30
17146,2017-12-14,7,10,20,25,34,35,8
17147,2017-12-16,1,3,6,9,24,28,36
17148,2017-12-19,3,9,33,38,44,49,24
17149,2017-12-21,14,21,22,28,30,47,3
17150,2017-12-24,1,16,26,34,39,47,11
17151,2017-12-26,2,7,16,28,30,37,12
17152,2017-12-28,15,17,23,40,44,46,11
17153,2017-12-30,1,13,22,25,36,38,37
18001,2018-01-02,12,18,28,35,39,42,36
18002,2018-01-06,1,12,21,31,36,49,23
18003,2018-01-11,3,29,31,43,47,49,19
18004,2018-01-16,2,21,27,30,36,37,4
18005,2018-01-20,2,5,23,24,27,34,8
18006,2018-01-23,3,20,27,32,37,41,44
18007,2018-01-25,3,14,23,36,40,47,20
18008,2018-01-27,8,17,26,33,43,45,40
18009,2018-01-30,4,7,11,12,40,49,25
18010,2018-02-01,20,23,26,29,47,49,39
18011,2018-02-03,2,4,12,25,40,49,8
18012,2018-02-06,3,19,26,28,35,48,32
18013,2018-02-08,13,16,22,28,37,41,34
18014,2018-02-11,1,2,9,27,33,45,38
18015,2018-02-13,2,9,18,27,32,42,12
18016,2018-02-15,1,19,21,32,43,45,34
18017,2018-02-20,3,5,25,42,43,44,2
18018,2018-02-22,4,12,19,20,30,39,5
18019,2018-02-24,17,20,34,38,42,45,5
18020,2018-02-27,13,24,28,31,41,43,16
18021,2018-03-01,2,14,15,17,18,29,1
18022,2018-03-04,6,10,11,23,28,43,21
18023,2018-03-06,2,11,17,19,35,37,20
18024,2018-03-08,1,6,30,43,44,48,7
18025,2018-03-10,7,18,19,26,27,39,2
18026,2018-03-13,5,16,20,25,34,42,2
18027,2018-03-15,13,16,25,35,38,49,33
18028,2018-03-17,4,6,23,33,40,47,30
18029,2018-03-20,3,22,27,29,42,45,10
18030,2018-03-22,10,18,21,29,33,46,36
18031,2018-03-24,12,19,23,28,35,45,6
18032,2018-03-29,5,12,24,27,30,47,43
18033,2018-03-31,9,13,16,18,19,34,21
18034,2018-04-03,21,29,31,41,46,49,36
18035,2018-04-05,19,24,29,39,40,42,30
18036,2018-04-07,4,20,23,27,31,43,3
18037,2018-04-10,1,15,23,34,43,48,25
18038,2018-04-12,1,2,9,11,37,41,18
18039,2018-04-14,12,14,15,36,38,40,42
18040,2018-04-17,3,8,16,22,28,32,24
18041,2018-04-19,20,21,33,40,45,49,43
18042,2018-04-22,10,14,28,30,42,44,35
18043,2018-04-24,12,20,21,28,33,41,9
18044,2018-04-26,8,12,20,33,35,45,42
18045,2018-04-28,2,15,17,18,21,44,14
18046,2018-05-01,1,5,10,20,21,25,43
18047,2018-05-03,12,24,30,31,32,34,41
18048,2018-05-05,3,24,40,44,45,49,8
18049,2018-05-08,3,14,18,28,31,40,38
18050,2018-05-10,12,19,25,31,36,49,11
18051,2018-05-13,1,6,9,19,21,23,43
18052,2018-05-15,5,8,9,19,32,44,39
18053,2018-05-17,3,16,23,30,43,46,26
18054,2018-05-19,14,23,29,36,37,47,25
18055,2018-05-22,7,12,14,22,31,33,38
18056,2018-05-24,4,5,7,11,12,13,18
18057,2018-05-26,1,12,22,40,42,44,28
18058,2018-05-29,3,6,11,22,45,46,1
18059,2018-05-31,3,5,28,33,40,49,32
18060,2018-06-02,4,15,30,33,38,41,16
18061,2018-06-05,6,10,24,34,40,45,9
18062,2018-06-07,5,32,34,36,38,43,25
18063,2018-06-09,11,23,35,41,46,49,47
18064,2018-06-12,30,31,34,40,41,42,33
18065,2018-06-14,2,10,24,28,35,39,27
18066,2018-06-17,1,7,20,21,35,48,22
18067,2018-06-19,2,7,21,31,33,42,24
18068,2018-06-21,16,23,24,31,33,34,18
18069,2018-06-23,2,9,16,18,24,46,47
18070,2018-06-26,7,8,12,17,33,42,26
18071,2018-06-28,6,13,23,29,38,45,41
18072,2018-06-30,5,6,16,18,30,32,27
18073,2018-07-03,3,21,22,41,45,49,10
18074,2018-07-05,1,13,20,34,38,40,29
18075,2018-07-07,8,17,20,26,40,46,19
18076,2018-07-10,6,8,29,38,41,49,2
18077,2018-07-12,1,5,7,8,30,33,22
18078,2018-07-14,7,13,22,27,33,36,45
18079,2018-07-17,6,10,32,36,41,48,47
18080,2018-07-19,12,16,23,25,40,42,20
18081,2018-07-21,13,14,15,37,38,44,40
18082,2018-07-24,2,16,17,27,32,37,12
18083,2018-07-26,22,32,37,44,46,49,38
18084,2018-07-28,5,7,11,26,30,43,17
18085,2018-07-31,24,27,36,43,44,46,30
18086,2018-08-02,3,5,11,34,35,45,28
18087,2018-08-04,4,15,23,34,37,48,30
18088,2018-08-07,4,21,25,39,46,47,12
18089,2018-08-09,8,10,11,20,21,34,13
18090,2018-08-11,1,11,25,38,47,49,37
18091,2018-08-14,32,37,38,42,43,49,24
18092,2018-08-16,9,13,16,27,29,41,37
18093,2018-08-18,2,14,24,37,42,47,20
18094,2018-08-21,3,10,18,28,40,47,4
18095,2018-08-23,12,14,22,30,38,44,34
18096,2018-08-25,3,4,19,28,31,48,27
18097,2018-08-28,9,18,26,30,36,46,2
18098,2018-08-30,4,15,21,23,44,46,13
18099,2018-09-01,10,13,20,26,35,45,37
18100,2018-09-04,4,5,33,36,44,47,13
18101,2018-09-06,17,26,30,33,38,49,47
18102,2018-09-08,7,9,12,18,41,46,33
18103,2018-09-11,31,36,38,45,47,49,37
18104,2018-09-13,14,20,22,39,41,48,35
18105,2018-09-15,4,6,11,33,37,48,41
18106,2018-09-18,9,11,18,23,32,48,26
18107,2018-09-20,5,6,17,26,40,41,46
18108,2018-09-23,2,13,21,23,32,40,30
18109,2018-09-25,5,14,20,22,24,48,4
18110,2018-09-27,14,17,30,46,48,49,36
18111,2018-09-29,9,31,34,35,37,38,16
18112,2018-10-02,13,18,23,28,33,49,19
18113,2018-10-04,13,19,34,35,45,46,27
18114,2018-10-06,2,10,35,39,44,49,8
18115,2018-10-09,7,9,18,27,44,45,15
18116,2018-10-11,7,9,19,29,39,42,41
18117,2018-10-14,8,14,21,24,34,43,1
18118,2018-10-16,7,11,19,32,45,46,37
18119,2018-10-20,10,13,22,25,40,42,5
18120,2018-10-23,6,17,20,34,36,44,15
18121,2018-10-25,6,13,20,25,27,29,21
18122,2018-10-27,1,5,15,39,45,47,43
18123,2018-10-30,4,7,10,22,34,42,38
18124,2018-11-01,9,13,15,16,20,32,12
18125,2018-11-03,4,19,24,38,39,44,46
18126,2018-11-06,1,8,22,23,46,47,12
18127,2018-11-08,9,16,22,24,40,47,17
18128,2018-11-11,6,24,26,36,44,49,8
18129,2018-11-13,8,22,30,34,35,37,29
18130,2018-11-15,2,10,29,32,40,41,44
18131,2018-11-17,5,9,12,14,42,43,45
18132,2018-11-20,4,12,14,17,29,35,38
18133,2018-11-22,15,16,18,22,26,48,34
18134,2018-11-24,3,8,13,25,30,34,32
18135,2018-11-27,7,8,15,27,29,38,39
18136,2018-11-29,14,25,31,34,36,43,35
18137,2018-12-01,2,20,29,32,38,39,47
18138,2018-12-04,8,11,14,20,22,31,19
18139,2018-12-06,8,20,32,40,44,46,34
18140,2018-12-08,20,27,29,40,45,48,43
18141,2018-12-11,7,8,10,20,33,42,22
18142,2018-12-13,1,15,21,23,24,33,39
18143,2018-12-15,5,10,30,33,36,37,22
18144,2018-12-18,1,10,11,13,30,33,45
18145,2018-12-20,4,7,8,12,13,26,42
18146,2018-12-22,7,20,33,46,48,49,4
18147,2018-12-25,2,14,16,32,41,47,23
18148,2018-12-27,1,4,17,22,23,35,37
18149,2018-12-30,6,7,13,33,35,46,43
19001,2019-01-03,8,23,25,30,32,45,24
19002,2019-01-05,12,13,16,19,23,45,2
19003,2019-01-08,4,5,12,23,30,40,10
19004,2019-01-10,6,7,28,31,36,43,23
19005,2019-01-13,10,18,35,37,48,49,27
19006,2019-01-15,10,16,17,33,44,48,7
19007,2019-01-17,16,18,28,35,36,41,37
19008,2019-01-19,13,24,31,34,44,47,8
19009,2019-01-22,3,19,25,30,33,48,44
19010,2019-01-24,11,18,33,41,43,46,36
19011,2019-01-26,14,27,29,41,45,46,21
19012,2019-01-29,3,10,14,24,32,45,29
19013,2019-01-31,18,22,26,31,33,41,27
19014,2019-02-03,5,6,13,19,34,35,39
19015,2019-02-06,2,4,11,15,19,29,1
19016,2019-02-09,1,19,29,34,39,49,43
19017,2019-02-12,9,17,26,31,32,40,27
19018,2019-02-14,5,8,16,20,43,46,11
19019,2019-02-16,3,7,8,17,19,23,12
19020,2019-02-19,2,5,8,13,16,33,41
19021,2019-02-21,16,29,36,39,42,49,34
19022,2019-02-23,13,14,15,21,33,49,1
19023,2019-02-26,9,12,13,19,21,46,15
19024,2019-02-28,22,24,25,30,32,43,11
19025,2019-03-03,21,24,26,35,44,47,8
19026,2019-03-05,10,16,28,32,34,49,45
19027,2019-03-07,8,15,17,23,39,44,40
19028,2019-03-09,13,32,34,35,41,46,30
19029,2019-03-12,6,21,27,33,38,47,46
19030,2019-03-14,4,10,25,28,40,43,39
19031,2019-03-16,5,9,12,23,31,43,29
19032,2019-03-19,4,18,23,38,40,46,15
19033,2019-03-21,7,12,22,32,37,45,47
19034,2019-03-23,10,11,15,39,46,49,21
19035,2019-03-26,2,3,10,21,31,35,11
19036,2019-03-28,3,5,17,23,41,44,40
19037,2019-03-30,15,17,18,37,39,49,31
19038,2019-04-02,6,10,15,21,24,28,49
19039,2019-04-04,29,34,38,42,44,47,36
19040,2019-04-06,8,21,34,37,41,45,49
19041,2019-04-09,3,14,17,23,32,43,36
19042,2019-04-11,6,18,32,38,41,45,33
19043,2019-04-13,3,15,22,35,40,49,39
19044,2019-04-16,11,20,30,32,33,43,34
19045,2019-04-20,28,30,32,37,39,47,23
19046,2019-04-25,11,13,18,21,28,34,19
19047,2019-04-27,2,8,14,21,32,35,4
19048,2019-04-30,1,29,32,43,45,49,5
19049,2019-05-02,1,6,19,23,45,47,49
19050,2019-05-04,6,13,19,20,24,35,43
19051,2019-05-07,6,12,35,39,42,44,22
19052,2019-05-09,3,4,5,24,29,32,2
19053,2019-05-14,10,12,14,30,37,41,5
19054,2019-05-16,1,4,7,23,37,38,34
19055,2019-05-19,1,2,9,16,30,41,35
19056,2019-05-21,4,7,21,24,35,41,18
19057,2019-05-23,11,13,14,17,33,43,27
19058,2019-05-25,12,14,23,30,40,48,1
19059,2019-05-28,22,29,37,42,45,49,47
19060,2019-05-30,12,15,16,31,36,46,3
19061,2019-06-01,3,13,19,23,35,43,26
19062,2019-06-04,16,21,24,28,37,40,48
19063,2019-06-06,6,13,21,24,32,47,38
19064,2019-06-09,3,8,24,27,28,49,44
19065,2019-06-11,8,19,20,21,25,37,13
19066,2019-06-13,3,6,21,31,33,38,45
19067,2019-06-15,7,8,17,30,42,44,24
19068,2019-06-18,18,23,26,29,35,48,36
19069,2019-06-20,9,11,15,21,25,33,46
19070,2019-06-22,13,29,30,33,43,47,16
19071,2019-06-25,23,25,29,32,40,46,13
19072,2019-06-27,12,20,33,42,46,47,27
19073,2019-06-29,9,13,22,29,31,46,45
19074,2019-07-02,13,14,15,42,45,48,2
19075,2019-07-04,1,2,12,15,24,44,14
19076,2019-07-06,7,8,10,11,28,42,29
19077,2019-07-09,3,5,20,31,39,42,25
19078,2019-07-11,3,6,26,27,32,49,29
19079,2019-07-13,12,14,32,35,38,46,16
19080,2019-07-16,6,16,22,28,37,45,13
19081,2019-07-18,2,4,8,11,17,31,19
19082,2019-07-20,26,27,30,33,44,47,37
19083,2019-07-23,14,19,25,38,39,42,46
19084,2019-07-25,7,10,11,16,18,35,43
19085,2019-07-27,4,14,19,24,39,45,8
19086,2019-07-30,3,16,19,22,41,44,29
19087,2019-08-01,13,18,20,21,43,49,30
19088,2019-08-03,23,24,27,28,37,43,16
19089,2019-08-06,5,6,15,21,22,37,36
19090,2019-08-08,8,9,19,25,30,44,37
19091,2019-08-10,15,22,42,44,48,49,6
19092,2019-08-13,10,14,16,29,30,43,11
19093,2019-08-15,2,13,23,35,38,46,17
19094,2019-08-17,4,9,20,26,32,44,11
19095,2019-08-20,12,15,16,23,32,35,2
19096,2019-08-22,1,4,5,6,42,43,8
19097,2019-08-24,1,10,21,31,47,49,13
19098,2019-08-27,6,18,29,33,43,46,16
19099,2019-08-29,8,24,26,37,38,44,18
19100,2019-08-31,1,6,14,24,32,44,5
19101,2019-09-03,2,8,17,24,27,39,10
19102,2019-09-05,3,4,18,29,41,44,39
19103,2019-09-07,7,8,12,25,43,45,13
19104,2019-09-10,11,12,13,28,43,49,47
19105,2019-09-12,5,23,24,25,31,33,7
19106,2019-09-14,1,4,7,12,19,28,43
19107,2019-09-17,12,20,22,26,30,36,2
19108,2019-09-19,8,17,34,39,42,44,7
19109,2019-09-22,3,28,39,40,42,44,37
19110,2019-09-24,6,17,44,45,46,49,41
19111,2019-09-26,2,3,11,20,27,46,4
19112,2019-09-29,2,3,7,10,18,48,33
19113,2019-10-03,1,12,13,15,19,45,44
19114,2019-10-08,13,23,35,36,43,47,16
19115,2019-10-13,10,16,27,29,37,42,44
19116,2019-10-17,14,18,19,21,45,47,49
19117,2019-10-19,1,6,19,22,42,44,25
19118,2019-10-22,1,6,11,31,41,47,32
19119,2019-10-24,7,10,16,23,27,34,24
19120,2019-10-26,1,17,24,30,40,49,48
19121,2019-10-29,2,10,13,19,20,24,17
19122,2019-11-02,13,15,25,30,40,46,26
19123,2019-11-07,7,20,30,33,34,44,46
19124,2019-11-10,6,17,18,23,31,46,44
19125,2019-11-14,2,3,13,18,31,49,14
19126,2019-11-16,10,23,28,39,44,47,13
19127,2019-11-19,1,4,12,13,24,42,48
19128,2019-11-21,3,4,5,10,35,38,7
19129,2019-11-24,1,20,28,30,35,46,15
19130,2019-11-26,5,9,15,25,42,45,38
19131,2019-11-28,22,23,29,36,41,44,2
19132,2019-11-30,1,10,18,24,40,49,7
19133,2019-12-03,1,15,23,29,45,47,6
19134,2019-12-05,2,6,8,16,23,31,1
19135,2019-12-07,14,25,26,30,32,47,4
19136,2019-12-10,5,6,11,12,28,35,17
19137,2019-12-12,6,21,32,35,39,49,15
19138,2019-12-14,2,4,6,8,28,29,5
19139,2019-12-17,3,20,23,30,34,41,47
19140,2019-12-19,22,24,28,31,35,39,12
19141,2019-12-22,11,22,24,26,41,42,2
19142,2019-12-24,5,11,14,23,30,32,20
19143,2019-12-28,1,22,25,27,31,36,47
19144,2019-12-31,5,10,18,20,28,33,17
20001,2020-01-02,15,17,29,30,34,37,40
20002,2020-01-07,1,24,25,27,31,37,8
20003,2020-01-12,5,17,35,37,42,49,39
20004,2020-01-16,2,20,24,30,32,46,1
20005,2020-01-18,18,29,32,33,36,40,38
20006,2020-01-21,11,14,21,28,37,44,36
20007,2020-01-23,2,11,13,45,46,49,42
20008,2020-02-01,3,5,30,31,43,48,13
20009,2020-09-24,11,24,26,35,42,44,20
20010,2020-09-29,9,21,26,27,28,48,45
20011,2020-10-08,21,28,33,34,40,47,49
20012,2020-10-15,9,26,28,33,38,46,44
20013,2020-10-22,1,13,19,24,29,45,26
20014,2020-10-29,6,11,33,38,40,43,2
20015,2020-11-06,11,17,35,36,38,40,6
20016,2020-11-10,13,15,25,28,45,49,24
20017,2020-11-13,6,15,17,18,28,47,32
20018,2020-11-17,13,19,20,21,33,49,45
20019,2020-11-20,22,25,30,33,34,43,24
20020,2020-11-24,7,12,16,22,45,47,25
20021,2020-11-27,5,12,13,23,27,38,39
20022,2020-12-01,24,27,29,31,42,47,22
20023,2020-12-04,11,13,19,38,39,41,47
20024,2020-12-08,7,32,34,35,48,49,23
20025,2020-12-11,1,11,23,29,41,46,44
20026,2020-12-15,2,11,13,20,21,33,14
20027,2020-12-18,8,11,12,23,34,49,28
20028,2020-12-22,11,20,36,37,39,48,21
20029,2020-12-25,14,18,24,27,28,41,45
20030,2020-12-29,10,11,24,39,41,42,22
21001,2021-01-02,3,9,14,21,45,46,34
21002,2021-01-05,22,24,30,36,38,46,33
21003,2021-01-08,5,19,29,32,33,34,43
21004,2021-01-12,5,19,22,26,35,40,2
21005,2021-01-15,4,24,39,41,42,45,6
21006,2021-01-19,14,21,22,38,40,45,17
21007,2021-01-22,15,16,18,21,24,31,22
21008,2021-01-26,5,9,16,21,44,49,15
21009,2021-01-29,2,10,30,31,35,46,3
21010,2021-02-02,18,21,24,26,30,35,48
21011,2021-02-05,10,16,22,40,44,45,49
21012,2021-02-09,1,2,16,20,31,38,7
21013,2021-02-12,6,25,31,36,41,47,10
21014,2021-02-16,3,13,28,30,31,45,22
21015,2021-02-19,4,5,13,14,25,44,16
21016,2021-02-23,2,14,18,28,34,44,21
21017,2021-02-26,14,17,35,37,39,46,2
21018,2021-03-02,6,15,16,21,27,28,43
21019,2021-03-05,1,23,32,38,43,46,5
21020,2021-03-12,16,17,21,24,43,47,30
21021,2021-03-19,3,8,9,14,23,25,35
21022,2021-03-23,11,14,16,19,38,41,6
21023,2021-03-26,6,12,24,26,30,43,20
21024,2021-03-30,24,26,36,37,41,43,31
21025,2021-04-02,1,2,33,34,42,49,39
21026,2021-04-06,4,7,8,20,22,41,21
21027,2021-04-09,7,9,12,13,14,16,23
21028,2021-04-13,7,10,13,14,20,35,49
21029,2021-04-16,5,6,17,23,29,38,24
21030,2021-04-20,12,32,40,42,48,49,27
21031,2021-04-23,15,18,20,23,31,47,12
21032,2021-04-27,2,13,15,19,38,41,30
21033,2021-04-30,7,9,29,33,36,49,41
21034,2021-05-04,8,9,10,19,38,45,6
21035,2021-05-07,5,8,22,26,40,41,46
21036,2021-05-11,15,22,30,31,35,45,6
21037,2021-05-14,5,14,28,29,31,37,11
21038,2021-05-18,2,9,26,34,35,36,4
21039,2021-05-21,8,14,31,37,44,47,38
21040,2021-05-25,1,7,19,22,27,49,20
21041,2021-05-28,5,12,30,43,44,45,21
21042,2021-06-01,1,6,16,28,33,36,8
21043,2021-06-04,2,6,16,22,34,49,45
21044,2021-06-08,7,13,21,24,28,30,10
21045,2021-06-11,2,3,15,29,41,43,7
21046,2021-06-15,3,11,13,22,44,45,4
21047,2021-06-17,1,25,31,34,42,48,20
21048,2021-06-19,4,15,17,32,38,43,30
21049,2021-06-22,1,5,7,24,26,30,8
21050,2021-06-24,4,11,14,21,38,48,31
21051,2021-06-27,2,7,11,27,37,42,28
21052,2021-06-29,10,16,24,39,44,47,28
21053,2021-07-03,7,9,24,29,37,48,17
21054,2021-07-06,2,6,15,16,26,34,14
21055,2021-07-08,7,9,13,27,39,43,42
21056,2021-07-10,25,28,34,37,40,49,33
21057,2021-07-13,9,13,21,35,38,48,20
21058,2021-07-15,6,19,22,23,28,49,20
21059,2021-07-17,1,6,16,30,32,47,12
21060,2021-07-20,2,7,15,19,31,49,46
21061,2021-07-22,2,3,4,5,8,23,27
21062,2021-07-24,11,12,25,27,28,34,46
21063,2021-07-27,8,11,19,22,29,44,14
21064,2021-08-01,1,4,9,21,36,42,3
21065,2021-08-03,10,13,15,29,31,39,47
21066,2021-08-05,10,17,19,25,36,39,31
21067,2021-08-07,13,14,26,34,35,44,12
21068,2021-08-10,4,12,14,17,22,32,41
21069,2021-08-12,20,21,30,34,36,37,29
21070,2021-08-14,11,12,19,38,39,41,6
21071,2021-08-19,4,26,28,31,32,33,8
21072,2021-08-21,2,5,18,21,42,48,46
21073,2021-08-26,5,10,17,30,43,44,40
21074,2021-08-28,2,14,15,16,33,45,19
21075,2021-08-31,1,12,23,29,45,46,48
21076,2021-09-02,10,28,39,45,48,49,15
21077,2021-09-04,5,8,29,31,32,36,12
21078,2021-09-07,2,7,21,23,27,36,40
21079,2021-09-09,7,22,24,31,33,37,39
21080,2021-09-11,12,26,31,37,38,44,16
21081,2021-09-14,7,8,32,33,39,49,23
21082,2021-09-16,1,6,11,20,32,35,22
21083,2021-09-21,14,15,25,26,32,45,2
21084,2021-09-23,2,4,10,17,38,41,47
21085,2021-09-25,15,18,32,43,45,47,12
21086,2021-09-28,2,23,31,38,43,45,40
21087,2021-09-30,2,3,11,20,24,47,48
21088,2021-10-02,6,12,19,31,47,48,41
21089,2021-10-05,19,20,26,29,32,48,38
21090,2021-10-07,8,11,19,21,24,47,23
21091,2021-10-14,2,6,9,27,43,45,35
21092,2021-10-16,3,14,16,23,38,46,2
21093,2021-10-19,7,13,15,19,24,37,2
21094,2021-10-21,6,9,11,13,15,47,38
21095,2021-10-26,9,14,23,28,34,48,36
21096,2021-10-28,1,5,17,26,34,48,42
21097,2021-10-30,3,14,37,41,42,45,4
21098,2021-11-02,4,5,24,33,44,49,41
21099,2021-11-04,3,22,30,32,40,43,5
21100,2021-11-06,13,15,40,41,42,49,21
21101,2021-11-09,3,11,15,25,30,45,33
21102,2021-11-11,10,13,31,37,40,46,15
21103,2021-11-14,1,11,15,21,24,28,8
21104,2021-11-16,9,13,25,27,33,36,35
21105,2021-11-18,2,16,23,25,29,38,18
21106,2021-11-20,18,19,24,38,39,42,41
21107,2021-11-23,2,6,11,22,34,38,7
21108,2021-11-25,10,28,36,39,47,48,44
21109,2021-11-27,2,14,30,41,42,44,22
21110,2021-11-30,1,17,22,26,38,44,8
21111,2021-12-02,3,21,26,36,38,49,9
21112,2021-12-04,1,21,24,29,44,46,19
21113,2021-12-07,4,13,19,21,35,43,27
21114,2021-12-09,4,7,9,13,15,43,1
21115,2021-12-11,7,21,34,35,42,48,41
21116,2021-12-14,7,24,29,36,41,43,35
21117,2021-12-16,5,6,19,43,47,49,39
21118,2021-12-19,12,20,21,26,33,42,9
21119,2021-12-21,11,12,16,32,43,44,41
21120,2021-12-23,3,9,11,17,22,44,23
21121,2021-12-25,8,11,20,30,35,40,27
21122,2021-12-28,21,25,30,33,36,49,3
21123,2021-12-30,20,21,22,29,34,35,7
22001,2022-01-04,2,8,12,14,20,47,36
22002,2022-01-20,1,3,10,11,30,42,39
22003,2022-01-27,10,18,20,29,32,33,2
22004,2022-02-05,15,18,21,25,39,43,33
22005,2022-02-10,6,13,17,28,35,44,5
22006,2022-02-17,6,7,22,34,35,46,8
22007,2022-02-24,2,9,11,12,16,24,43
22008,2022-03-03,12,19,21,22,40,43,46
22009,2022-03-08,1,5,23,42,46,49,11
22010,2022-03-11,11,20,23,29,38,47,12
22011,2022-03-15,3,10,12,28,39,48,17
22012,2022-03-18,12,18,22,30,40,49,15
22013,2022-03-22,6,28,32,33,40,45,1
22014,2022-03-25,15,20,26,28,29,46,12
22015,2022-03-29,8,18,21,35,37,38,10
22016,2022-04-01,4,8,21,40,46,49,34
22017,2022-04-05,9,11,12,22,29,42,3
22018,2022-04-08,10,20,36,38,43,48,30
22019,2022-04-12,8,11,12,20,26,30,28
22020,2022-04-15,21,25,30,36,37,47,42
22021,2022-04-19,12,23,28,34,39,46,44
22022,2022-04-22,8,11,15,19,34,37,25
22023,2022-04-26,9,23,30,32,34,40,25
22024,2022-04-29,1,7,16,28,31,48,18
22025,2022-05-03,3,8,11,15,18,40,41
22026,2022-05-06,2,15,41,42,44,46,40
22027,2022-05-10,12,14,19,39,41,48,33
22028,2022-05-13,1,5,10,22,30,34,42
22029,2022-05-17,4,7,29,35,40,46,17
22030,2022-05-20,27,30,36,38,45,46,34
22031,2022-05-24,5,7,8,17,47,49,34
22032,2022-05-27,1,17,25,29,42,46,8
22033,2022-05-31,2,13,35,39,43,48,9
22034,2022-06-03,1,27,32,35,38,44,24
22035,2022-06-07,9,16,21,35,47,48,36
22036,2022-06-10,11,17,24,26,37,41,34
22037,2022-06-14,7,16,21,30,34,38,41
22038,2022-06-17,9,17,24,27,33,39,48
22039,2022-06-21,2,15,20,30,47,48,44
22040,2022-06-27,1,13,19,26,29,37,15
22041,2022-07-03,19,21,23,26,37,39,13
22042,2022-07-05,9,30,31,32,37,40,25
22043,2022-07-08,7,10,28,30,32,36,27
22044,2022-07-12,4,13,22,27,43,47,23
22045,2022-07-15,19,20,25,29,46,47,35
22046,2022-07-22,5,12,21,30,34,38,3
22047,2022-07-26,6,14,23,31,38,48,1
22048,2022-07-28,8,13,16,21,23,49,44
22049,2022-07-30,21,25,34,37,41,46,14
22050,2022-08-02,4,8,9,11,42,46,47
22051,2022-08-04,13,24,30,35,36,39,29
22052,2022-08-09,1,12,25,28,36,46,13
22053,2022-08-11,7,12,22,26,43,49,5
22054,2022-08-13,6,22,25,33,38,47,10
22055,2022-08-16,7,20,31,35,41,47,42
22056,2022-08-18,2,8,19,21,24,47,4
22057,2022-08-20,8,17,19,28,31,35,46
22058,2022-08-23,4,8,9,10,30,42,22
22059,2022-08-25,16,19,32,33,42,46,34
22060,2022-08-27,12,22,34,35,39,45,7
22061,2022-08-30,7,8,9,17,24,25,20
22062,2022-09-01,23,24,30,31,45,46,26
22063,2022-09-03,2,8,12,19,35,45,33
22064,2022-09-06,14,22,35,37,42,46,24
22065,2022-09-08,8,14,15,20,41,44,3
22066,2022-09-13,2,4,20,38,40,46,11
22067,2022-09-15,21,23,29,30,33,49,40
22068,2022-09-17,5,17,22,24,34,38,13
22069,2022-09-20,4,7,14,18,27,31,48
22070,2022-09-22,8,11,31,32,33,36,46
22071,2022-09-24,4,6,10,27,29,46,17
22072,2022-09-27,2,18,29,30,32,47,46
22073,2022-09-29,6,8,18,36,37,44,30
22074,2022-10-02,1,7,11,24,27,38,17
22075,2022-10-04,7,8,12,13,26,43,3
22076,2022-10-06,4,11,21,28,31,47,5
22077,2022-10-08,7,11,28,31,43,48,42
22078,2022-10-11,1,5,10,25,36,47,23
22079,2022-10-13,1,10,14,38,47,48,40
22080,2022-10-15,18,21,25,28,38,44,45
22081,2022-10-18,7,25,26,39,44,45,46
22082,2022-10-20,20,24,27,31,32,49,36
22083,2022-10-22,12,15,16,42,44,45,4
22084,2022-10-25,27,28,30,34,35,48,11
22085,2022-10-29,4,5,12,15,28,29,20
22086,2022-11-01,2,12,14,32,41,46,20
22087,2022-11-03,10,13,19,21,27,49,35
22088,2022-11-05,7,11,22,23,28,32,29
22089,2022-11-08,10,20,27,32,38,46,4
22090,2022-11-10,11,12,14,18,29,30,31
22091,2022-11-13,5,12,18,19,26,33,46
22092,2022-11-15,17,18,32,38,44,49,19
22093,2022-11-17,1,9,27,32,33,35,45
22094,2022-11-19,6,11,27,39,46,47,15
22095,2022-11-22,6,10,11,13,32,46,39
22096,2022-11-24,3,12,14,19,25,28,11
22097,2022-11-26,14,25,28,29,43,44,10
22098,2022-11-29,12,18,22,28,31,40,7
22099,2022-12-01,14,18,27,32,39,42,43
22100,2022-12-03,2,15,31,34,38,41,21
22101,2022-12-06,6,11,17,30,44,46,5
22102,2022-12-08,17,19,35,39,44,46,21
22103,2022-12-10,6,12,20,25,39,49,7
22104,2022-12-13,12,38,39,40,45,49,10
22105,2022-12-15,5,7,18,26,31,45,30
22106,2022-12-17,6,14,15,26,35,40,8
22107,2022-12-20,28,36,37,38,41,45,42
22108,2022-12-22,16,18,19,33,41,46,37
22109,2022-12-25,2,7,11,14,18,39,29
22110,2022-12-27,5,13,18,32,39,45,44
22111,2022-12-29,1,2,21,33,41,45,4
23001,2023-01-03,7,20,25,27,35,43,1
23002,2023-01-05,5,9,19,34,36,49,23
23003,2023-01-07,10,31,33,34,43,49,40
23004,2023-01-10,2,21,24,29,35,47,18
23005,2023-01-12,6,22,26,27,40,45,13
23006,2023-01-14,3,5,16,26,35,38,9
23007,2023-01-17,10,15,29,34,38,47,18
23008,2023-01-19,17,25,27,29,36,49,23
23009,2023-01-26,2,3,23,31,32,43,40
23010,2023-01-28,2,12,16,38,45,46,14
23011,2023-02-02,2,8,23,33,34,35,43
23012,2023-02-04,14,18,25,29,31,42,6
23013,2023-02-07,4,11,13,14,30,37,20
23014,2023-02-09,1,9,13,27,29,40,20
23015,2023-02-11,13,18,22,29,34,41,23
23016,2023-02-14,3,13,19,32,33,39,24
23017,2023-02-16,8,9,13,22,38,39,11
23018,2023-02-18,4,12,20,28,34,49,43
23019,2023-02-21,8,19,29,30,33,41,4
23020,2023-02-23,8,16,32,42,47,48,35
23021,2023-02-25,14,25,27,28,44,47,4
23022,2023-02-28,8,13,29,33,40,42,3
23023,2023-03-02,14,17,19,32,39,46,36
23024,2023-03-04,1,9,15,26,42,44,25
23025,2023-03-07,4,11,12,26,37,40,7
23026,2023-03-09,1,4,7,14,31,37,11
23027,2023-03-12,11,12,13,20,35,43,44
23028,2023-03-14,1,2,10,12,18,37,43
23029,2023-03-16,18,21,28,30,34,40,14
23030,2023-03-18,4,7,17,34,42,48,3
23031,2023-03-21,8,13,18,30,33,41,20
23032,2023-03-23,5,14,17,20,22,32,33
23033,2023-03-25,11,15,18,26,31,37,10
23034,2023-03-28,9,10,16,41,44,46,39
23035,2023-03-30,1,8,12,36,42,47,40
23036,2023-04-01,8,9,12,19,21,40,24
23037,2023-04-04,15,19,20,24,36,47,4
23038,2023-04-08,1,13,17,18,33,36,22
23039,2023-04-11,12,23,29,40,42,43,20
23040,2023-04-13,9,14,15,32,36,48,25
23041,2023-04-16,10,12,18,20,23,36,6
23042,2023-04-18,20,23,27,28,30,46,29
23043,2023-04-20,1,20,24,28,38,46,40
23044,2023-04-22,2,6,7,9,17,19,26
23045,2023-04-25,20,26,38,43,46,47,35
23046,2023-04-27,8,12,21,43,44,49,27
23047,2023-04-29,7,8,17,19,27,40,2
23048,2023-05-02,4,10,20,32,38,49,7
23049,2023-05-04,2,10,28,37,47,49,7
23050,2023-05-06,1,5,14,15,21,25,31
23051,2023-05-09,7,10,22,25,32,35,27
23052,2023-05-11,17,18,28,30,32,33,1
23053,2023-05-14,1,4,9,35,37,48,43
23054,2023-05-16,2,18,27,31,32,46,44
23055,2023-05-18,5,6,12,16,41,47,7
23056,2023-05-20,1,19,22,26,46,47,39
23057,2023-05-23,4,14,15,37,41,49,38
23058,2023-05-25,3,14,18,26,40,43,15
23059,2023-05-27,11,20,21,22,27,32,12
23060,2023-05-30,3,9,15,30,32,41,26
23061,2023-06-01,14,30,32,42,45,47,4
23062,2023-06-03,2,16,24,25,47,48,40
23063,2023-06-06,6,12,34,42,45,48,2
23064,2023-06-08,4,22,24,28,45,46,7
23065,2023-06-11,14,16,18,22,30,47,11
23066,2023-06-13,14,16,22,26,36,42,19
23067,2023-06-15,5,13,17,20,33,38,14
23068,2023-06-17,18,22,31,35,44,48,6
23069,2023-06-20,8,18,31,34,35,47,39
23070,2023-06-22,14,15,24,30,37,39,26
23071,2023-06-24,1,11,14,16,26,36,39
23072,2023-06-27,7,10,16,18,29,45,1
23073,2023-06-29,6,10,18,21,22,33,4
23074,2023-07-02,3,6,25,29,35,42,36
23075,2023-07-04,5,15,20,29,32,37,18
23076,2023-07-08,1,11,22,26,38,39,27
23077,2023-07-11,7,19,22,27,40,47,13
23078,2023-07-13,3,8,11,23,36,38,33
23079,2023-07-15,4,9,12,33,37,42,3
23080,2023-07-18,15,16,34,36,39,40,42
23081,2023-07-20,4,16,18,34,35,46,47
23082,2023-07-25,1,2,10,13,29,47,9
23083,2023-07-27,13,15,17,18,20,43,39
23084,2023-07-29,13,23,26,40,41,43,14
23085,2023-08-01,2,7,25,28,31,35,11
23086,2023-08-03,3,14,23,30,33,44,21
23087,2023-08-05,2,8,24,39,41,44,40
23088,2023-08-08,4,7,18,28,30,40,29
23089,2023-08-10,2,3,4,13,18,42,12
23090,2023-08-12,3,12,13,17,24,36,16
23091,2023-08-15,4,12,17,37,38,39,41
23092,2023-08-17,3,9,15,18,21,37,42
23093,2023-08-19,8,14,18,20,23,25,44
23094,2023-08-22,1,5,7,12,48,49,16
23095,2023-08-24,6,18,29,31,44,46,8
23096,2023-08-26,16,26,31,35,39,46,3
23097,2023-08-29,3,6,7,33,36,46,4
23098,2023-08-31,10,15,17,21,40,44,12
23099,2023-09-03,15,20,25,39,45,48,28
23100,2023-09-05,2,5,20,24,27,32,12
23101,2023-09-07,20,22,24,25,29,49,36
23102,2023-09-09,4,6,19,32,39,42,34
23103,2023-09-12,4,10,12,16,30,32,14
23104,2023-09-14,17,27,30,31,32,38,11
23105,2023-09-16,10,24,34,40,41,45,35
23106,2023-09-19,8,9,10,27,35,38,46
23107,2023-09-21,1,10,22,28,33,46,37
23108,2023-09-23,3,27,28,35,44,46,12
23109,2023-09-28,9,12,30,31,45,48,46
23110,2023-09-30,6,8,11,26,35,47,1
23111,2023-10-03,8,16,32,39,40,43,29
23112,2023-10-05,2,11,20,29,41,49,45
23113,2023-10-07,4,9,12,36,43,47,26
23114,2023-10-10,1,12,22,23,34,39,30
23115,2023-10-12,2,13,23,28,30,31,3
23116,2023-10-14,1,29,31,42,47,48,40
23117,2023-10-17,8,18,24,34,41,42,31
23118,2023-10-19,1,13,18,32,34,49,44
23119,2023-10-21,6,8,12,31,32,46,4
23120,2023-10-24,19,20,29,45,48,49,8
23121,2023-10-26,11,16,27,32,33,37,24
23122,2023-10-31,4,33,35,36,41,49,1
23123,2023-11-02,3,14,32,37,43,47,26
23124,2023-11-04,2,13,16,28,40,44,46
23125,2023-11-07,7,16,26,31,47,49,44
23126,2023-11-09,1,4,18,25,30,49,15
23127,2023-11-12,19,26,32,34,37,44,11
23128,2023-11-14,2,15,27,36,37,48,23
23129,2023-11-16,3,5,8,16,26,33,24
23130,2023-11-18,6,25,29,30,34,35,20
23131,2023-11-21,9,11,15,17,19,44,7
23132,2023-11-23,11,16,24,27,28,32,48
23133,2023-11-25,2,8,12,28,34,47,7
23134,2023-11-28,3,14,20,30,38,42,13
23135,2023-11-30,7,12,32,34,36,39,5
23136,2023-12-02,3,17,30,36,38,45,8
23137,2023-12-05,9,16,23,38,39,41,19
23138,2023-12-07,27,28,37,38,43,45,40
23139,2023-12-09,2,3,4,31,46,49,34
23140,2023-12-12,3,10,20,24,27,42,45
23141,2023-12-14,3,4,11,37,44,48,36
23142,2023-12-19,4,9,13,33,35,46,6
23143,2023-12-21,1,10,12,33,46,49,32
23144,2023-12-24,2,8,16,19,37,49,20
23145,2023-12-28,11,18,27,29,34,45,28
23146,2023-12-30,5,8,19,25,41,48,24
24001,2024-01-03,2,3,19,34,37,46,32
24002,2024-01-06,1,4,24,31,33,34,2
24003,2024-01-09,3,9,16,19,33,35,39
24004,2024-01-11,3,6,8,26,29,38,1
24005,2024-01-14,3,17,18,36,38,39,21
24006,2024-01-16,1,6,8,27,41,47,29
24007,2024-01-18,2,10,17,46,47,49,3
24008,2024-01-20,3,25,31,40,43,48,45
24009,2024-01-23,2,6,7,14,30,43,15
24010,2024-01-25,2,5,15,32,45,49,19
24011,2024-01-27,1,8,13,19,34,47,12
24012,2024-01-30,8,20,21,29,30,49,32
24013,2024-02-01,4,12,15,23,24,31,43
24014,2024-02-03,3,7,21,32,36,47,23
24015,2024-02-06,15,18,19,38,41,49,22
24016,2024-02-08,5,7,9,20,22,25,13
24017,2024-02-14,10,12,13,24,25,48,15
24018,2024-02-17,9,23,26,27,36,41,24
24019,2024-02-20,10,26,27,29,30,45,37
24020,2024-02-22,22,25,33,34,35,39,5
24021,2024-02-24,2,7,24,29,30,36,6
24022,2024-02-27,3,11,12,22,24,26,21
24023,2024-02-29,5,13,16,36,39,41,38
24024,2024-03-02,7,23,31,35,43,46,10
24025,2024-03-05,11,24,34,36,39,42,38
24026,2024-03-07,5,22,30,31,32,39,44
24027,2024-03-09,4,5,8,21,32,42,45
24028,2024-03-12,13,16,18,24,32,43,44
24029,2024-03-14,6,23,24,31,34,49,1
24030,2024-03-17,1,8,13,23,40,44,15
24031,2024-03-19,7,8,29,30,36,48,28
24032,2024-03-21,6,19,20,34,39,42,44
24033,2024-03-23,11,18,24,35,42,46,3
24034,2024-03-26,6,11,12,18,24,42,38
24035,2024-03-28,2,9,15,20,39,48,43
24036,2024-03-30,2,6,18,22,36,39,21
24037,2024-04-02,16,25,31,42,43,44,7
24038,2024-04-04,4,8,12,22,24,26,1
24039,2024-04-06,15,16,17,30,34,35,25
24040,2024-04-09,13,20,29,30,34,48,3
24041,2024-04-11,2,7,9,13,33,35,49
24042,2024-04-13,6,10,12,14,17,41,47
24043,2024-04-16,12,14,17,18,23,44,27
24044,2024-04-18,17,25,26,30,38,48,28
24045,2024-04-21,7,8,10,12,17,27,25
24046,2024-04-23,5,6,16,27,37,47,24
24047,2024-04-25,3,17,25,32,36,38,46
24048,2024-04-27,9,18,28,40,47,48,23
24049,2024-04-30,11,12,28,35,37,39,30
24050,2024-05-02,6,18,21,39,42,46,17
24051,2024-05-04,1,3,7,21,28,30,45
24052,2024-05-07,8,19,27,30,36,42,2
24053,2024-05-09,5,14,15,18,23,48,13
24054,2024-05-12,3,9,25,30,36,41,19
24055,2024-05-14,14,37,38,41,45,49,5
24056,2024-05-16,21,32,40,43,44,49,1
24057,2024-05-18,8,17,19,27,33,45,37
24058,2024-05-21,2,3,4,15,37,40,8
24059,2024-05-23,5,9,18,21,36,40,13
24060,2024-05-25,7,26,30,37,46,49,25
24061,2024-05-28,33,37,38,43,44,46,32
24062,2024-05-30,1,24,25,27,30,32,13
24063,2024-06-01,6,18,28,33,36,48,11
24064,2024-06-04,6,11,19,21,27,43,44
24065,2024-06-09,6,9,12,17,19,42,13
24066,2024-06-13,1,5,15,19,25,39,46
24067,2024-06-16,3,7,13,17,21,49,4
24068,2024-06-18,9,16,31,33,38,48,23
24069,2024-06-20,14,21,26,27,42,46,45
24070,2024-06-22,18,25,28,34,42,49,14
24071,2024-06-25,21,30,34,40,48,49,16
24072,2024-06-27,2,17,24,30,32,40,16
24073,2024-06-29,7,21,29,30,36,46,42
24074,2024-07-02,5,8,15,21,27,37,2
24075,2024-07-07,1,2,17,27,34,41,22
24076,2024-07-09,18,25,30,35,36,40,44
24077,2024-07-11,8,20,29,33,34,44,12
24078,2024-07-13,17,21,24,27,29,48,8
24079,2024-07-16,11,13,17,34,40,47,21
24080,2024-07-18,11,12,18,28,29,30,39
24081,2024-07-20,17,18,31,33,39,41,14
24082,2024-07-23,12,13,24,25,27,34,4
24083,2024-07-25,3,16,18,26,43,45,9
24084,2024-07-30,6,7,17,20,21,25,26
24085,2024-08-01,2,9,16,39,43,46,20
24086,2024-08-03,5,6,8,22,26,44,40
24087,2024-08-06,3,4,7,13,27,41,38
24088,2024-08-08,3,6,7,8,11,29,49
24089,2024-08-10,8,12,21,35,44,45,2
24090,2024-08-13,7,9,20,21,30,35,26
24091,2024-08-15,3,16,33,35,39,44,8
24092,2024-08-17,6,13,19,21,26,28,9
24093,2024-08-20,1,4,16,26,39,49,7
24094,2024-08-22,8,9,16,21,32,33,34
24095,2024-08-24,9,15,19,28,31,41,42
24096,2024-08-27,2,15,23,33,34,39,19
24097,2024-08-29,6,7,18,24,28,29,1
24098,2024-08-31,2,21,34,36,41,47,31
24099,2024-09-03,2,3,7,25,46,48,13
24100,2024-09-07,5,24,26,32,35,40,16
24101,2024-09-10,1,12,16,20,21,30,27
24102,2024-09-12,14,18,20,25,32,43,45
24103,2024-09-17,5,18,21,24,27,44,10
24104,2024-09-19,5,18,21,24,44,47,20
24105,2024-09-21,2,3,14,25,27,36,45
24106,2024-09-24,9,17,28,31,40,49,25
24107,2024-09-26,2,4,29,35,38,49,14
24108,2024-10-02,8,15,21,32,43,47,41
24109,2024-10-08,10,16,24,32,37,40,19
24110,2024-10-10,10,33,35,40,44,48,6
24111,2024-10-12,4,8,9,19,20,48,21
24112,2024-10-15,19,36,37,43,44,49,8
24113,2024-10-17,11,17,22,26,33,46,35
24114,2024-10-22,13,21,28,30,41,49,3
24115,2024-10-28,5,6,13,15,36,49,23
24116,2024-10-31,7,13,16,22,23,31,6
24117,2024-11-02,14,16,25,40,41,45,27
24118,2024-11-05,7,11,13,24,27,31,35
24119,2024-11-07,11,17,33,36,40,44,2
24120,2024-11-10,3,20,24,27,30,42,17
24121,2024-11-12,5,13,22,27,45,46,7
24122,2024-11-14,8,14,20,28,36,39,30
24123,2024-11-16,1,3,7,19,31,38,23
24124,2024-11-19,19,32,36,38,39,47,29
24125,2024-11-21,1,3,6,14,32,34,12
24126,2024-11-23,1,2,7,14,15,25,35
24127,2024-11-26,8,11,12,28,29,44,34
24128,2024-11-28,9,15,26,32,33,44,1
24129,2024-11-30,10,14,23,24,33,41,38
24130,2024-12-03,2,13,15,17,22,28,23
24131,2024-12-05,5,12,27,29,38,40,22
24132,2024-12-07,1,15,18,33,34,39,22
24133,2024-12-10,3,18,24,33,43,44,4
24134,2024-12-12,10,14,16,21,37,49,22
24135,2024-12-14,1,16,18,36,37,46,38
24136,2024-12-17,9,11,23,26,30,48,28
24137,2024-12-19,1,2,3,36,37,41,10
24138,2024-12-21,14,20,21,22,23,30,18
24139,2024-12-24,8,11,18,23,25,41,45
24140,2024-12-28,1,3,5,18,26,35,14
25001,2025-01-02,9,23,42,44,45,46,22
25002,2025-01-07,8,13,18,23,31,47,16
25003,2025-01-09,1,19,28,33,35,41,11
25004,2025-01-11,8,15,26,27,30,35,2
25005,2025-01-14,3,5,11,12,18,48,6
25006,2025-01-16,1,3,4,19,38,45,39
25007,2025-01-18,3,4,6,12,18,32,28
25008,2025-01-21,16,22,33,43,48,49,8
25009,2025-01-23,3,6,24,25,34,37,45
25010,2025-01-25,7,14,19,31,36,45,24
25011,2025-02-02,14,18,30,36,40,42,1
25012,2025-02-04,3,13,15,18,19,24,37
25013,2025-02-06,1,4,18,25,38,45,23
25014,2025-02-08,1,7,21,27,33,45,17
25015,2025-02-11,5,15,20,26,30,40,39
25016,2025-02-13,5,26,29,32,42,45,36
25017,2025-02-15,1,8,21,25,29,34,4
25018,2025-02-18,3,7,13,35,37,39,23
25019,2025-02-20,13,20,22,27,41,44,36
25020,2025-02-22,14,15,20,27,41,44,33
25021,2025-02-25,1,2,6,11,40,47,32
25022,2025-02-27,7,11,15,17,25,28,9
25023,2025-03-01,4,15,22,25,29,42,1
25024,2025-03-04,1,9,14,38,42,43,23
25025,2025-03-06,4,11,19,20,30,39,45
25026,2025-03-08,19,25,26,29,32,39,4
25027,2025-03-11,1,4,9,14,21,37,45
25028,2025-03-13,4,16,19,21,26,29,13
25029,2025-03-16,29,30,36,41,48,49,14
25030,2025-03-18,6,8,24,26,29,45,39
25031,2025-03-20,16,20,21,24,39,43,34
25032,2025-03-22,12,23,24,27,36,46,43
25033,2025-03-25,8,11,17,36,43,48,25
25034,2025-03-27,10,19,35,44,47,49,15
25035,2025-03-29,3,5,12,13,45,47,46
25036,2025-04-01,6,14,17,30,35,42,49
25037,2025-04-03,2,4,7,29,32,40,44
25038,2025-04-05,7,11,22,26,39,44,8
25039,2025-04-08,11,17,20,27,36,48,21
25040,2025-04-10,11,22,23,26,32,35,2
25041,2025-04-12,19,21,34,36,47,49,14
25042,2025-04-15,10,20,21,22,23,42,49
25043,2025-04-19,1,11,24,37,45,49,22
25044,2025-04-22,3,7,11,20,23,27,29
25045,2025-04-24,12,16,21,35,44,48,32
25046,2025-04-26,11,15,18,21,29,40,8
25047,2025-04-29,20,21,24,30,32,38,47
25048,2025-05-01,4,7,21,32,41,47,28
25049,2025-05-03,18,20,30,35,47,49,44
25050,2025-05-06,12,15,25,26,29,41,42
25051,2025-05-08,6,11,17,22,27,43,24
25052,2025-05-11,19,26,28,29,46,49,32
25053,2025-05-13,13,26,27,41,45,49,46
25054,2025-05-15,6,12,29,32,34,46,16
25055,2025-05-17,12,22,27,29,32,34,9
25056,2025-05-20,10,15,28,31,34,40,48
25057,2025-05-22,4,11,26,29,34,35,18
25058,2025-05-24,6,14,15,19,45,47,17
25059,2025-05-29,5,6,16,21,24,35,33
25060,2025-06-01,12,16,28,29,38,47,26
25061,2025-06-03,1,2,13,15,41,46,27
25062,2025-06-05,18,22,24,33,39,44,3
25063,2025-06-07,9,15,27,30,34,39,19
25064,2025-06-10,9,13,35,40,45,46,26
25065,2025-06-12,6,25,32,36,39,45,13
25066,2025-06-17,5,19,30,40,44,45,26
25067,2025-06-19,7,12,13,18,34,35,6
25068,2025-06-21,2,4,19,27,31,39,13
25069,2025-06-24,3,21,28,33,45,49,29
25070,2025-06-26,9,11,23,24,29,49,30
25071,2025-06-29,19,29,32,34,42,46,20
25072,2025-07-03,7,17,24,35,37,45,30
25073,2025-07-06,5,9,22,33,46,47,36
25074,2025-07-08,13,16,17,22,23,35,41
25075,2025-07-10,6,13,23,25,32,39,34
25076,2025-07-12,5,17,20,24,27,35,38
25077,2025-07-15,9,12,23,30,31,44,5
25078,2025-07-17,12,19,31,37,42,45,15
25079,2025-07-19,6,25,29,40,48,49,42
25080,2025-07-21,17,20,28,31,35,48,32
25081,2025-07-26,19,22,25,32,33,45,36
25082,2025-07-29,9,11,17,28,35,43,42
25083,2025-07-31,10,21,23,27,35,47,39
25084,2025-08-02,10,14,18,21,34,44,24
25085,2025-08-07,3,7,25,29,37,39,8
25086,2025-08-09,25,36,44,45,48,49,13
25087,2025-08-12,8,16,18,28,29,32,20
25088,2025-08-14,1,13,25,27,31,34,33
25089,2025-08-16,4,10,15,20,32,38,26
25090,2025-08-19,28,32,34,37,45,49,7
25091,2025-08-21,6,8,10,23,32,45,3
25092,2025-08-23,17,22,26,36,39,45,14
25093,2025-08-26,2,3,16,25,38,48,6
25094,2025-08-28,5,36,39,44,48,49,32
25095,2025-08-30,6,18,31,33,44,49,2
25096,2025-09-02,5,18,23,24,29,49,11
25097,2025-09-06,6,19,22,23,34,43,11
25098,2025-09-09,7,15,32,40,42,44,9
25099,2025-09-11,11,21,22,25,32,44,38
25100,2025-09-13,15,21,23,37,47,49,30
25101,2025-09-16,14,21,22,28,32,33,25
25102,2025-09-18,22,33,35,36,37,48,30
25103,2025-09-20,8,13,17,24,36,43,41
25104,2025-09-25,2,11,22,27,46,47,32
25105,2025-09-27,8,14,16,18,26,48,44
25106,2025-09-30,13,21,33,41,44,46,43
25107,2025-10-06,15,17,19,23,24,34,33
25108,2025-10-09,1,3,24,31,39,45,7
25109,2025-10-11,5,6,18,19,30,39,7
25110,2025-10-14,3,15,17,24,32,44,20
25111,2025-10-16,2,11,32,40,43,48,12
25112,2025-10-18,5,13,17,18,31,44,2
25113,2025-10-21,1,8,9,11,18,32,13
25114,2025-10-23,4,19,24,25,26,46,39
25115,2025-10-25,6,7,27,36,39,43,1
25116,2025-10-28,4,7,15,21,45,46,24
25117,2025-11-04,19,20,26,28,39,44,4
25118,2025-11-06,10,17,22,33,40,41,31
25119,2025-11-08,7,9,16,17,33,46,49
25120,2025-11-11,18,20,28,37,38,40,41
25121,2025-11-13,10,11,28,30,37,39,15
25122,2025-11-16,2,11,13,28,38,47,7
25123,2025-11-18,2,4,10,26,28,36,23
25124,2025-11-20,19,26,33,35,36,39,5
25125,2025-11-25,1,2,17,35,37,48,8
25126,2025-12-02,6,18,29,34,37,38,39
25127,2025-12-06,4,6,26,28,34,40,25
25128,2025-12-11,1,5,6,25,30,42,43
25129,2025-12-13,10,17,19,28,45,49,1
25130,2025-12-16,3,12,23,28,35,38,24
25131,2025-12-18,6,23,28,31,33,34,11
25132,2025-12-21,9,17,27,34,39,47,46
25133,2025-12-25,1,2,4,30,41,43,13
25134,2025-12-28,7,10,11,19,25,30,45
26001,2026-01-03,2,10,13,16,20,21,14
26002,2026-01-06,2,8,12,19,28,36,1
26003,2026-01-08,15,21,24,40,45,46,13
26004,2026-01-10,3,16,20,22,24,37,42
26005,2026-01-13,14,24,34,38,48,49,27
26006,2026-01-15,3,6,37,38,39,44,48
26007,2026-01-17,5,12,15,23,27,42,46
26008,2026-01-20,1,4,6,9,44,46,27
26009,2026-01-22,4,9,15,24,27,31,45
26010,2026-01-24,6,16,17,22,28,48,45
26011,2026-01-27,7,12,14,25,38,47,15
26012,2026-01-29,6,9,12,14,35,44,11
26013,2026-01-31,25,30,32,35,36,47,46
26014,2026-02-03,12,23,27,37,39,42,5
26015,2026-02-05,1,9,17,24,35,36,42
26016,2026-02-07,12,22,28,32,37,44,20
26017,2026-02-10,3,4,14,18,26,39,40
26018,2026-02-12,2,3,14,25,37,46,10
26019,2026-02-15,8,28,33,36,37,46,4
26020,2026-02-21,2,18,34,35,37,49,33
26021,2026-02-24,2,3,4,10,13,23,12
26022,2026-02-26,6,13,15,19,38,42,34
26023,2026-02-28,5,15,37,39,46,47,29
26024,2026-03-03,6,13,20,31,32,44,45
26025,2026-03-05,4,18,24,31,42,46,11
26026,2026-03-07,12,15,18,22,28,37,31
26027,2026-03-10,2,16,25,34,35,37,49
26028,2026-03-12,7,13,14,16,26,30,34
26029,2026-03-17,16,18,22,28,45,49,13
26030,2026-03-19,2,6,8,33,41,45,48
26031,2026-03-21,5,9,11,18,23,47,24
26032,2026-03-24,6,9,22,26,44,49,7
26033,2026-03-26,12,17,23,27,28,37,3
26034,2026-03-28,11,21,26,27,42,45,19
26035,2026-03-31,9,18,19,20,28,32,44
26036,2026-04-04,20,28,32,35,40,45,43
26037,2026-04-07,8,23,25,29,33,34,49
26038,2026-04-09,13,16,24,43,44,45,40
26039,2026-04-11,11,14,17,28,40,42,2
26040,2026-04-14,8,19,22,33,44,46,18
26041,2026-04-16,6,12,14,28,44,46,15
26042,2026-04-18,17,20,27,32,39,46,34
26043,2026-04-21,2,4,10,11,26,44,40
26044,2026-04-23,12,23,37,38,45,48,8
26045,2026-04-25,4,16,21,36,42,46,9
26046,2026-05-02,2,3,8,28,30,48,9
26047,2026-05-05,2,7,8,10,18,47,4
26048,2026-05-07,6,14,20,23,28,34,49
26049,2026-05-10,9,17,26,41,42,47,8
26050,2026-05-12,4,16,19,22,25,47,40
26051,2026-05-14,23,27,30,34,45,47,28
26052,2026-05-16,11,25,28,36,41,43,22
26053,2026-05-19,1,2,4,20,21,27,19
26054,2026-05-21,5,7,13,15,27,31,16
26055,2026-05-23,2,7,20,42,47,49,8
26056,2026-05-26,10,11,18,32,34,47,33
26057,2026-05-28,7,13,25,35,40,43,47
26058,2026-05-30,1,12,21,39,40,41,42
26059,2026-06-02,9,14,16,35,37,45,20
26060,2026-06-04,4,7,15,37,43,47,44
26061,2026-06-06,5,12,19,20,34,36,46
26062,2026-06-09,8,11,14,26,33,40,30
26063,2026-06-11,3,6,9,10,28,29,27
26064,2026-06-14,10,12,17,29,32,35,1
26065,2026-06-18,6,20,26,31,34,47,24
26066,2026-06-20,5,7,10,15,16,41,46
26067,2026-06-23,2,15,25,34,39,41,10
26068,2026-06-25,12,16,19,20,28,30,29
26069,2026-06-28,5,7,26,32,37,40,35
26070,2026-06-30,12,14,17,18,22,40,13
26071,2026-07-02,5,17,26,31,34,46,43
26072,2026-07-05,3,14,19,20,31,38,44
26073,2026-07-07,5,34,37,43,48,49,27
26074,2026-07-09,1,7,18,21,33,38,28
26075,2026-07-11,2,5,7,11,41,46,43
26076,2026-07-14,10,16,19,27,31,44,17
26077,2026-07-16,18,21,26,30,32,44,27
26078,2026-07-21,1,6,37,41,45,47,8
26079,2026-07-23,4,7,15,29,32,46,23
26080,2026-07-25,5,7,12,26,31,42,11
26081,2026-07-28,4,7,14,20,21,30,34
26082,2026-07-30,1,2,14,17,23,35,48
26083,2026-08-01,1,7,16,22,32,37,23
26084,2026-08-04,4,11,13,16,31,33,38
26085,2026-08-06,13,24,29,30,42,48,3
26086,2026-08-08,1,3,7,31,32,49,47
26087,2026-08-11,11,19,28,36,43,48,13
26088,2026-08-13,21,27,35,40,47,48,23
26089,2026-08-15,4,16,25,27,28,33,14
26090,2026-08-18,7,8,9,14,39,41,49
26091,2026-08-20,7,9,10,15,24,46,34
